,Produto,Saldo Inicial,Entradas,Devoluções,Compras,Saídas,Prêmio,Quant. Vendas,Valor Vendas,Lucro Bruto,Estoque Final,Mês,Ano,Mês/Ano,insertion_id
0,Linha Rayza - Verde Bandeira,7.0,,,,,,0.0,0.0,,7.0,07,2021,07-2021,3445849614
1,Linha Rayza - Laranja,6.0,,,,,,0.0,0.0,,6.0,07,2021,07-2021,3622619789
2,Linha Rayza - Cinza,5.0,,,,,,0.0,0.0,,5.0,07,2021,07-2021,1900073300
3,Linha Rayza - Cenoura,2.0,,,,,,0.0,0.0,,2.0,07,2021,07-2021,4907204467
4,Linha Rayza - Branco Optico,0.0,,,,,,0.0,0.0,,0.0,07,2021,07-2021,5961828768
5,Linha Rayza - Marrom,17.0,,,,,,0.0,0.0,,17.0,07,2021,07-2021,5394357213
6,Linha Rayza - Preto,77.0,4.0,,,,,17.0,170.0,59.5,64.0,07,2021,07-2021,8591150814
7,Linha Rayza - Bege,22.0,,,,,,0.0,0.0,,22.0,07,2021,07-2021,8839363313
8,Linha Rayza - Creme,12.0,,,,,,0.0,0.0,,12.0,07,2021,07-2021,4919860304
9,Linha Rayza - Rosa,4.0,,,,,,0.0,0.0,,4.0,07,2021,07-2021,7375069791
10,Linha Rayza - Salmão,8.0,,,,,,0.0,0.0,,8.0,07,2021,07-2021,4769661595
11,Linha Rayza - Lilás,7.0,,,,,,0.0,0.0,,7.0,07,2021,07-2021,712294100
12,Linha Rayza - Amarelo BB,6.0,,,,,,1.0,10.0,3.5,5.0,07,2021,07-2021,6553800996
13,Linha Rayza - Vermelho,14.0,,,,,,2.0,20.0,7.0,12.0,07,2021,07-2021,1671454451
14,Linha Rayza - Verde Musgo,6.0,,,,,,6.0,60.0,21.0,0.0,07,2021,07-2021,2268155462
15,Linha Rayza - Azul Claro,3.0,,,,,,3.0,30.0,10.5,0.0,07,2021,07-2021,5165999151
16,Linha Rayza - Vinho,6.0,,,,,,0.0,0.0,,6.0,07,2021,07-2021,3435896583
17,Linha Rayza - Esmeralda,0.0,,,,,,0.0,0.0,,0.0,07,2021,07-2021,5555139326
18,Linha Rayza - Verde Água,8.0,,,,,,0.0,0.0,,8.0,07,2021,07-2021,3615977619
19,Linha Rayza - Rosa BB,17.0,,,,,,2.0,20.0,7.0,15.0,07,2021,07-2021,7200464230
20,Linha Rayza - Manteiga,17.0,,,,,,1.0,10.0,3.5,16.0,07,2021,07-2021,3243990617
21,Linha Rayza - Azul Turquesa,8.0,,,,,,0.0,0.0,,8.0,07,2021,07-2021,4592842314
22,Linha Rayza - Violeta,1.0,4.0,,,,,5.0,50.0,17.5,0.0,07,2021,07-2021,4040324001
23,Linha Rayza - Pink,13.0,,,,,,1.0,10.0,3.5,12.0,07,2021,07-2021,2677276716
24,Linha Rayza - Amarelo Ouro,0.0,,,,,,0.0,0.0,,0.0,07,2021,07-2021,1503594228
25,Linha Rayza - Azul Royal,0.0,,,,,,0.0,0.0,,0.0,07,2021,07-2021,9026546650
26,Linha Rayza - Ramy,13.0,,,,,,1.0,10.0,3.5,12.0,07,2021,07-2021,1715678557
27,Linha Rayza - Verde Jade,3.0,,,,,,0.0,0.0,,3.0,07,2021,07-2021,3328368397
28,Linha Rayza - Framboesa,9.0,,,,,,0.0,0.0,,9.0,07,2021,07-2021,7221176810
29,Linha Rayza - Verde Java,19.0,,,,,,0.0,0.0,,19.0,07,2021,07-2021,9971008238
30,Linha Rayza - Cardeal,9.0,,,,,,0.0,0.0,,9.0,07,2021,07-2021,3500030907
31,Linha Rayza - Azul Bahamas,5.0,,,,,,2.0,20.0,7.0,3.0,07,2021,07-2021,2588182778
32,Linha Rayza - Pistache,14.0,,,,,,0.0,0.0,,14.0,07,2021,07-2021,6167766370
33,Linha Rayza - Cereja,2.0,,,,,,0.0,0.0,,2.0,07,2021,07-2021,8242257311
34,Linha Rayza - Abóbora,6.0,,,,,,0.0,0.0,,6.0,07,2021,07-2021,2941699773
35,Linha Rayza - Vermelho Passion,0.0,,,,,,0.0,0.0,,0.0,07,2021,07-2021,2799019331
36,Linha Rayza - Maravilha,7.0,,,,,,0.0,0.0,,7.0,07,2021,07-2021,1652282968
37,Linha Rayza - Roxo,7.0,,,,,,0.0,0.0,,7.0,07,2021,07-2021,7725711469
38,Linha Rayza - Rosa Boreal,1.0,,,,,,0.0,0.0,,1.0,07,2021,07-2021,5884640249
39,Linha Rayza - Canário,4.0,,,,,,1.0,10.0,3.5,3.0,07,2021,07-2021,4803728243
40,Linha Rayza - Ouro Velho,0.0,,,,,,0.0,0.0,,0.0,07,2021,07-2021,7636091062
41,Linha Rayza - Verde Limão,13.0,,,,,,0.0,0.0,,13.0,07,2021,07-2021,7874092185
42,Linha Rayza - Telha,15.0,,,,,,0.0,0.0,,15.0,07,2021,07-2021,3833406604
43,Linha Rayza - Verde Cítrico,16.0,,,,,,0.0,0.0,,16.0,07,2021,07-2021,7781215185
44,Linha Rayza - Cobalto,11.0,,,,,,0.0,0.0,,11.0,07,2021,07-2021,5465184751
45,Linha Rayza - Marrom Claro,14.0,,,,,,0.0,0.0,,14.0,07,2021,07-2021,721010432
46,Linha Rayza - z Mega Hair,6.0,,,,,,0.0,0.0,,6.0,07,2021,07-2021,7837109808
47,Linha Rayza - Verde Malvan,3.0,,,,,,0.0,0.0,,3.0,07,2021,07-2021,7317994252
48,Meada Anchor - 0298,11.0,,,,,,3.0,11.7,6.15,8.0,07,2021,07-2021,7445249340
49,Meada Anchor - 0291,0.0,24.0,,,,,0.0,0.0,,24.0,07,2021,07-2021,6386780934
50,Meada Anchor - 0316,2.0,,,,,,2.0,7.8,3.8,0.0,07,2021,07-2021,3297243388
51,Meada Anchor - 0305,9.0,,,,,,1.0,3.9,1.9,8.0,07,2021,07-2021,5094990488
52,Meada Anchor - 0373,0.0,12.0,,,,,0.0,0.0,,12.0,07,2021,07-2021,3944814945
53,Meada Anchor - 0358,6.0,,,,,,1.0,3.9,1.9,5.0,07,2021,07-2021,9027970559
54,Meada Anchor - 0355,13.0,,,,,,1.0,3.89,1.89,12.0,07,2021,07-2021,9602032104
55,Meada Anchor - 0357,2.0,,,,,,1.0,3.89,1.89,1.0,07,2021,07-2021,6559334060
56,Meada Anchor - 0009,10.0,,,,,,1.0,3.89,1.89,9.0,07,2021,07-2021,521140513
57,Meada Anchor - 0013,0.0,12.0,,,,,0.0,0.0,,12.0,07,2021,07-2021,555059986
58,Meada Anchor - 0029,7.0,,,,,,2.0,7.8,3.8,5.0,07,2021,07-2021,5680987353
59,Meada Anchor - 0031,0.0,12.0,,,,,0.0,0.0,,12.0,07,2021,07-2021,3350895967
60,Meada Anchor - 0046,13.0,,,,,,2.0,7.8,3.8,11.0,07,2021,07-2021,8056620788
61,Meada Anchor - 0047,0.0,12.0,,,,,0.0,0.0,,12.0,07,2021,07-2021,5452453267
62,Meada Anchor - 0044,2.0,,,,,,1.0,3.89,1.89,1.0,07,2021,07-2021,2079609759
63,Meada Anchor - 0038,0.0,12.0,,,,,0.0,0.0,,12.0,07,2021,07-2021,8683968325
64,Meada Anchor - 0897,0.0,12.0,,,,,,,,12.0,07,2021,07-2021,5646572501
65,Meada Anchor - 0120,19.0,,,,,,1.0,3.9,1.9,18.0,07,2021,07-2021,7696880081
66,Meada Anchor - 0940,5.0,,,,,,2.0,7.8,3.8,3.0,07,2021,07-2021,8811497195
67,Meada Anchor - 0149,5.0,,,,,,1.0,3.89,1.89,4.0,07,2021,07-2021,8366582859
68,Meada Anchor - 0150,12.0,,,,,,1.0,3.89,1.89,11.0,07,2021,07-2021,3581324310
69,Meada anchor - 0928,4.0,,,,,,1.0,3.9,1.9,3.0,07,2021,07-2021,8801339051
70,Meada Anchor - 0433,0.0,24.0,,,,,0.0,0.0,,24.0,07,2021,07-2021,8354136548
71,Meada Anchor - 1089,8.0,,,,,,1.0,3.9,1.9,7.0,07,2021,07-2021,2768104305
72,Meada anchor - 0410,0.0,24.0,,,,,0.0,0.0,,24.0,07,2021,07-2021,3683307318
73,Meada Anchor - 1044,6.0,,,,,,1.0,3.9,1.9,5.0,07,2021,07-2021,980812758
74,Meada Anchor - 0227,0.0,12.0,,,,,,,,12.0,07,2021,07-2021,7032000372
75,Meada Anchor - 0228,11.0,,,,,,2.0,7.8,3.8,9.0,07,2021,07-2021,1376112007
76,Meada Anchor - 0229,0.0,24.0,,,,,,,,24.0,07,2021,07-2021,9001903742
77,Meada Anchor - 0923,-1.0,1.0,,,,,,,,0.0,07,2021,07-2021,8993901635
78,Meada Anchor - 0255,0.0,24.0,,,,,0.0,0.0,,24.0,07,2021,07-2021,1948729536
79,Meada Anchor - 0885,0.0,12.0,,,,,0.0,0.0,,12.0,07,2021,07-2021,6244472735
80,Meada Anchor - 0832,0.0,12.0,,,,,0.0,0.0,,12.0,07,2021,07-2021,3435644079
81,Meada Anchor - 0387,6.0,,,,,,2.0,7.8,3.8,4.0,07,2021,07-2021,9137578548
82,Meada Anchor - 0397,2.0,,,,,,1.0,3.89,1.89,1.0,07,2021,07-2021,6477964694
83,Meada Anchor - 0398,3.0,,,,,,3.0,11.69,5.69,0.0,07,2021,07-2021,7046979468
84,Meada Anchor - 0399,6.0,,,,,,1.0,3.88,1.88,5.0,07,2021,07-2021,4475296574
85,Meada Anchor - 0403,2.0,,,,,,2.0,7.8,3.8,0.0,07,2021,07-2021,1810575257
86,lastex preto ,78.0,,,,,,1.0,1.5,0.85,77.0,07,2021,07-2021,247603262
87,Drima Pesponto - 5704,7.0,,,,,,1.0,2.5,1.3,6.0,07,2021,07-2021,1923575018
88,ziper sintetico fino fixo - 15cm Preto,38.0,,,,,,1.0,2.0,1.11,37.0,07,2021,07-2021,7224653410
89,Ziper sintetico fino fixo - 15cm azul marinho,5.0,,,,,,1.0,2.0,1.11,4.0,07,2021,07-2021,1954729116
90,Ziper sintetico fino fixo - 18cm chocolate,6.0,,,,,,1.0,2.2,1.25,5.0,07,2021,07-2021,2792550005
91,Ziper sintetico fino fixo - 18cm verde menta,10.0,,,,,,2.0,4.4,2.5,8.0,07,2021,07-2021,3373859753
92,Ziper sintetico fino fixo - 20cm amarelo claro,11.0,,,,,,4.0,10.0,6.0,7.0,07,2021,07-2021,5627524789
93,Ziper sintetico fino fixo - 20 cm cru,2.0,,,,,,2.0,5.0,3.0,0.0,07,2021,07-2021,7931915451
94,"AGULHA CROCHÊ  MILWARD 2,5mm",3.0,,,,,,2.0,12.0,4.4,1.0,07,2021,07-2021,7578068740
95,AGULHA CROCHÊ  MILWARD 3mm,21.0,,,,,,4.0,26.08,7.68,17.0,07,2021,07-2021,1885545327
96,AGULHA CROCHÊ  MILWARD 4mm,18.0,,,,,,4.0,24.65,6.25,14.0,07,2021,07-2021,2581407275
97,AGULHA CROCHÊ  MILWARD 5mm,9.0,,,,,,1.0,6.0,2.2,8.0,07,2021,07-2021,1448645537
98,COSTURA DRIMA - Branca,2.0,149.0,,,,,4.0,10.0,4.5,147.0,07,2021,07-2021,6538931844
99,COSTURA DRIMA - CRU,80.0,,,,,,4.0,9.74,4.94,76.0,07,2021,07-2021,9051321908
100,COSTURA DRIMA - 0435,7.0,,,,,,0.0,0.0,,7.0,07,2021,07-2021,9725205847
101,COSTURA DRIMA - 0448,6.0,,,,,,0.0,0.0,,6.0,07,2021,07-2021,8418528925
102,COSTURA DRIMA - 0902,0.0,11.0,,,,,2.0,4.2,1.69,9.0,07,2021,07-2021,4253458334
103,COSTURA DRIMA - 0962,5.0,,,,,,0.0,0.0,,5.0,07,2021,07-2021,4189161363
104,COSTURA DRIMA - 4936,3.0,,,,,,0.0,0.0,,3.0,07,2021,07-2021,1566766178
105,COSTURA DRIMA - 5700,8.0,,,,,,0.0,0.0,,8.0,07,2021,07-2021,6949780183
106,COSTURA DRIMA - 5872,1.0,,,,,,0.0,0.0,,1.0,07,2021,07-2021,544220252
107,COSTURA DRIMA - 5911,9.0,,,,,,0.0,0.0,,9.0,07,2021,07-2021,3123564650
108,COSTURA DRIMA - 5928,12.0,,,,,,0.0,0.0,,12.0,07,2021,07-2021,5352847205
109,COSTURA DRIMA - 5931,9.0,,,,,,0.0,0.0,,9.0,07,2021,07-2021,8337869709
110,COSTURA DRIMA - 5938,7.0,,,,,,0.0,0.0,,7.0,07,2021,07-2021,5214198021
111,COSTURA DRIMA - 6014,0.0,10.0,,,,,0.0,0.0,,10.0,07,2021,07-2021,9034970009
112,COSTURA DRIMA - 0676,10.0,,,,,,0.0,0.0,,10.0,07,2021,07-2021,8245642777
113,COSTURA DRIMA - 5992,2.0,,,,,,0.0,0.0,,2.0,07,2021,07-2021,9704945486
114,COSTURA DRIMA - 5882,5.0,,,,,,0.0,0.0,,5.0,07,2021,07-2021,4006125480
115,COSTURA DRIMA - 6108,1.0,,,,,,0.0,0.0,,1.0,07,2021,07-2021,4904990817
116,COSTURA DRIMA - 4934,6.0,,,,,,0.0,0.0,,6.0,07,2021,07-2021,257636948
117,COSTURA DRIMA - 6076,9.0,,,,,,0.0,0.0,,9.0,07,2021,07-2021,2632554838
118,COSTURA DRIMA - 0018,6.0,,,,,,0.0,0.0,,6.0,07,2021,07-2021,4915160624
119,COSTURA DRIMA - 0062,9.0,,,,,,0.0,0.0,,9.0,07,2021,07-2021,4102608461
120,COSTURA DRIMA - 6077,6.0,,,,,,0.0,0.0,,6.0,07,2021,07-2021,3544578358
121,COSTURA DRIMA - 5888,2.0,9.0,,,,,0.0,0.0,,11.0,07,2021,07-2021,9664947234
122,COSTURA DRIMA - 4933,5.0,,,,,,0.0,0.0,,5.0,07,2021,07-2021,3425223296
123,COSTURA DRIMA - 0129,10.0,,,,,,0.0,0.0,,10.0,07,2021,07-2021,4260003145
124,COSTURA DRIMA - 4885,3.0,,,,,,0.0,0.0,,3.0,07,2021,07-2021,2910007639
125,COSTURA DRIMA - 6078,4.0,,,,,,0.0,0.0,,4.0,07,2021,07-2021,5694498539
126,COSTURA DRIMA - 4940,0.0,10.0,,,,,0.0,0.0,,10.0,07,2021,07-2021,9201029475
127,COSTURA DRIMA - 6042,5.0,,,,,,0.0,0.0,,5.0,07,2021,07-2021,8347043859
128,COSTURA DRIMA - 5470,1.0,,,,,,0.0,0.0,,1.0,07,2021,07-2021,1633609404
129,COSTURA DRIMA - 0200,0.0,10.0,,,,,0.0,0.0,,10.0,07,2021,07-2021,5560225309
130,COSTURA DRIMA - 0195,6.0,,,,,,0.0,0.0,,6.0,07,2021,07-2021,1748223146
131,COSTURA DRIMA - 0047,3.0,,,,,,1.0,2.5,1.3,2.0,07,2021,07-2021,4876088868
132,COSTURA DRIMA - 0176,8.0,,,,,,0.0,0.0,,8.0,07,2021,07-2021,4732385053
133,COSTURA DRIMA - 0070,10.0,,,,,,0.0,0.0,,10.0,07,2021,07-2021,345254804
134,COSTURA DRIMA - 0127,7.0,,,,,,0.0,0.0,,7.0,07,2021,07-2021,3699121447
135,COSTURA DRIMA - 5889,0.0,10.0,,,,,0.0,0.0,,10.0,07,2021,07-2021,2822716925
136,COSTURA DRIMA - 5906,8.0,,,,,,0.0,0.0,,8.0,07,2021,07-2021,9443254997
137,COSTURA DRIMA - 0820,4.0,,,,,,0.0,0.0,,4.0,07,2021,07-2021,753656277
138,COSTURA DRIMA - 5939,2.0,,,,,,0.0,0.0,,2.0,07,2021,07-2021,5453075488
139,COSTURA DRIMA - 4535,0.0,10.0,,,,,0.0,0.0,,10.0,07,2021,07-2021,3246088896
140,COSTURA DRIMA - 0302,8.0,,,,,,0.0,0.0,,8.0,07,2021,07-2021,2373892557
141,COSTURA DRIMA - 6079,6.0,,,,,,0.0,0.0,,6.0,07,2021,07-2021,467919297
142,COSTURA DRIMA - 5995,5.0,,,,,,1.0,2.5,1.1,4.0,07,2021,07-2021,2510666308
143,COSTURA DRIMA - 5916,1.0,,,,,,0.0,0.0,,1.0,07,2021,07-2021,2672834931
144,COSTURA DRIMA - 6080,7.0,,,,,,2.0,4.75,2.35,5.0,07,2021,07-2021,2224293548
145,COSTURA DRIMA - 0034,9.0,,,,,,1.0,2.5,1.3,8.0,07,2021,07-2021,2493925986
146,COSTURA DRIMA - 5842,8.0,,,,,,0.0,0.0,,8.0,07,2021,07-2021,5844510818
147,linha amigurumi- 2137 HORTÊNCIA,0.0,6.0,,,,,,,,6.0,07,2021,07-2021,4720990839
148,linha amigurumi- 7569,4.0,,,,,,1.0,13.5,5.0,3.0,07,2021,07-2021,501969979
149,linha amigurumi- 3201 CAMAFEU,0.0,6.0,,,,,,,,6.0,07,2021,07-2021,4159077301
150,linha amigurumi- 8001 BRANCO,0.0,6.0,,,,,,,,6.0,07,2021,07-2021,4751897220
151,linha amigurumi- 1317,5.0,,,,,,2.0,27.0,9.0,3.0,07,2021,07-2021,5659875573
152,linha amigurumi- 7567,8.0,,,,,,3.0,40.5,15.0,5.0,07,2021,07-2021,4959470529
153,linha amigurumi- 5669 TIFANY,1.0,6.0,,,,,,,,7.0,07,2021,07-2021,3431839300
154,COSTURA DRIMA - PT,0.0,150.0,,,,,4.0,10.0,4.4,146.0,07,2021,07-2021,4857751938
155,COSTURA DRIMA - 5819,1.0,,,,,,0.0,0.0,,1.0,07,2021,07-2021,1810885383
156,COSTURA DRIMA - 5821,7.0,,,,,,0.0,0.0,,7.0,07,2021,07-2021,5390696020
157,COSTURA DRIMA - 6086,9.0,,,,,,0.0,0.0,,9.0,07,2021,07-2021,6202208585
158,COSTURA DRIMA - 6025,2.0,,,,,,0.0,0.0,,2.0,07,2021,07-2021,9044792471
159,COSTURA DRIMA - 0099,9.0,,,,,,0.0,0.0,,9.0,07,2021,07-2021,6807498188
160,COSTURA DRIMA - 6088,7.0,,,,,,0.0,0.0,,7.0,07,2021,07-2021,3319718516
161,COSTURA DRIMA - 5915,11.0,,,,,,0.0,0.0,,11.0,07,2021,07-2021,2045562544
162,COSTURA DRIMA - 5903,5.0,,,,,,0.0,0.0,,5.0,07,2021,07-2021,872130279
163,COSTURA DRIMA - 6028,10.0,,,,,,0.0,0.0,,10.0,07,2021,07-2021,7852121174
164,COSTURA DRIMA - 0635,4.0,,,,,,0.0,0.0,,4.0,07,2021,07-2021,4287105611
165,COSTURA DRIMA - 6101,2.0,,,,,,0.0,0.0,,2.0,07,2021,07-2021,915170080
166,COSTURA DRIMA - 5922,2.0,,,,,,0.0,0.0,,2.0,07,2021,07-2021,8543886794
167,COSTURA DRIMA - 6100,10.0,,,,,,1.0,2.5,1.3,9.0,07,2021,07-2021,7849131337
168,COSTURA DRIMA - 5910,0.0,10.0,,,,,0.0,0.0,,10.0,07,2021,07-2021,5143055507
169,COSTURA DRIMA - 0669,4.0,,,,,,0.0,0.0,,4.0,07,2021,07-2021,6833736033
170,COSTURA DRIMA - 4969,6.0,,,,,,0.0,0.0,,6.0,07,2021,07-2021,9906724541
171,COSTURA DRIMA - 4968,8.0,,,,,,1.0,2.5,1.3,7.0,07,2021,07-2021,7501270094
172,COSTURA DRIMA - 4935,9.0,,,,,,0.0,0.0,,9.0,07,2021,07-2021,5135170609
173,COSTURA DRIMA - 6099,5.0,,,,,,0.0,0.0,,5.0,07,2021,07-2021,613907590
174,COSTURA DRIMA - 6098,9.0,,,,,,0.0,0.0,,9.0,07,2021,07-2021,634792238
175,COSTURA DRIMA - 4960,9.0,,,,,,0.0,0.0,,9.0,07,2021,07-2021,6532067228
176,COSTURA DRIMA - 5914,4.0,,,,,,0.0,0.0,,4.0,07,2021,07-2021,1208318221
177,COSTURA DRIMA - 6095,5.0,,,,,,0.0,0.0,,5.0,07,2021,07-2021,168823365
178,COSTURA DRIMA - 5342,2.0,,,,,,0.0,0.0,,2.0,07,2021,07-2021,8148713766
179,COSTURA DRIMA - 0396,3.0,,,,,,0.0,0.0,,3.0,07,2021,07-2021,3368375003
180,COSTURA DRIMA - 0752,10.0,,,,,,0.0,0.0,,10.0,07,2021,07-2021,731076277
181,COSTURA DRIMA - 6089,3.0,,,,,,0.0,0.0,,3.0,07,2021,07-2021,1866628012
182,COSTURA DRIMA - 6090,5.0,,,,,,0.0,0.0,,5.0,07,2021,07-2021,5262967834
183,COSTURA DRIMA - 0416,5.0,,,,,,0.0,0.0,,5.0,07,2021,07-2021,3016760774
184,COSTURA DRIMA - 6091,2.0,,,,,,0.0,0.0,,2.0,07,2021,07-2021,9724027780
185,COSTURA DRIMA - 6092,3.0,,,,,,0.0,0.0,,3.0,07,2021,07-2021,2155746118
186,COSTURA DRIMA - 5828,3.0,,,,,,1.0,2.5,1.3,2.0,07,2021,07-2021,4793416924
187,COSTURA DRIMA - 0907,5.0,,,,,,1.0,2.5,1.3,4.0,07,2021,07-2021,4903706334
188,COSTURA DRIMA - 6094,7.0,,,,,,0.0,0.0,,7.0,07,2021,07-2021,4094111565
189,COSTURA DRIMA - 5878,0.0,10.0,,,,,0.0,0.0,,10.0,07,2021,07-2021,2889304003
190,COSTURA DRIMA - 6097,7.0,,,,,,0.0,0.0,,7.0,07,2021,07-2021,5425928751
191,COSTURA DRIMA - 0227,9.0,,,,,,0.0,0.0,,9.0,07,2021,07-2021,4289380053
192,COSTURA DRIMA - 0476,5.0,,,,,,0.0,0.0,,5.0,07,2021,07-2021,9350207774
193,COSTURA DRIMA - 0130,6.0,,,,,,0.0,0.0,,6.0,07,2021,07-2021,9896795180
194,COSTURA DRIMA - 5831,2.0,,,,,,0.0,0.0,,2.0,07,2021,07-2021,2345169544
195,COSTURA DRIMA - 5724,3.0,,,,,,0.0,0.0,,3.0,07,2021,07-2021,8820853447
196,COSTURA DRIMA - 0604,2.0,,,,,,0.0,0.0,,2.0,07,2021,07-2021,1822382604
197,COSTURA DRIMA - 6030,5.0,,,,,,0.0,0.0,,5.0,07,2021,07-2021,2021542843
198,COSTURA DRIMA - 0245,4.0,,,,,,0.0,0.0,,4.0,07,2021,07-2021,4639312684
199,COSTURA DRIMA - 5899,6.0,,,,,,0.0,0.0,,6.0,07,2021,07-2021,4866003648
200,COSTURA DRIMA - 5926,19.0,,,,,,0.0,0.0,,19.0,07,2021,07-2021,5806188295
201,COSTURA DRIMA - 0350,20.0,,,,,,0.0,0.0,,20.0,07,2021,07-2021,6660022938
202,COSTURA DRIMA - 6000,9.0,,,,,,0.0,0.0,,9.0,07,2021,07-2021,695960856
203,COSTURA DRIMA - 0017,10.0,,,,,,0.0,0.0,,10.0,07,2021,07-2021,7545154906
204,COSTURA DRIMA - 0291,11.0,,,,,,0.0,0.0,,11.0,07,2021,07-2021,7065984407
205,COSTURA DRIMA - 5886,6.0,,,,,,0.0,0.0,,6.0,07,2021,07-2021,2922038131
206,COSTURA DRIMA - 5077,6.0,,,,,,0.0,0.0,,6.0,07,2021,07-2021,7792458797
207,COSTURA DRIMA - 0294,0.0,10.0,,,,,0.0,0.0,,10.0,07,2021,07-2021,9400975031
208,COSTURA DRIMA - 6007,3.0,,,,,,0.0,0.0,,3.0,07,2021,07-2021,5948770105
209,COSTURA DRIMA - 5883,11.0,,,,,,1.0,2.5,1.3,10.0,07,2021,07-2021,1410181302
210,COSTURA DRIMA - 5896,6.0,,,,,,0.0,0.0,,6.0,07,2021,07-2021,555756646
211,COSTURA DRIMA - 5836,7.0,,,,,,0.0,0.0,,7.0,07,2021,07-2021,1241985565
212,COSTURA DRIMA - 0285,5.0,,,,,,0.0,0.0,,5.0,07,2021,07-2021,4059951750
213,COSTURA DRIMA - 0287,3.0,,,,,,0.0,0.0,,3.0,07,2021,07-2021,8771829232
214,COSTURA DRIMA - 0270,7.0,,,,,,0.0,0.0,,7.0,07,2021,07-2021,6020093378
215,COSTURA DRIMA - 0272,1.0,,,,,,0.0,0.0,,1.0,07,2021,07-2021,1824483984
216,COSTURA DRIMA - 0407,8.0,,,,,,0.0,0.0,,8.0,07,2021,07-2021,9872735978
217,COSTURA DRIMA - 0708,7.0,,,,,,0.0,0.0,,7.0,07,2021,07-2021,5759747365
218,COSTURA DRIMA - 0449,7.0,,,,,,0.0,0.0,,7.0,07,2021,07-2021,2636701739
219,COSTURA DRIMA - 6105,1.0,,,,,,0.0,0.0,,1.0,07,2021,07-2021,4618924697
220,COSTURA DRIMA - 6107,0.0,10.0,,,,,0.0,0.0,,10.0,07,2021,07-2021,7919238440
221,COSTURA DRIMA - 6106,5.0,,,,,,0.0,0.0,,5.0,07,2021,07-2021,5988419864
222,COSTURA DRIMA - 6045,0.0,10.0,,,,,0.0,0.0,,10.0,07,2021,07-2021,6137706899
223,COSTURA DRIMA - 5838,15.0,,,,,,1.0,2.39,1.19,14.0,07,2021,07-2021,8399974411
224,COSTURA DRIMA - 5837,7.0,,,,,,0.0,0.0,,7.0,07,2021,07-2021,6184272214
225,CX TAMPA SAPATO 13X13X7,13.0,,,,12.0,,1.0,4.22,2.07,0.0,07,2021,07-2021,5888842346
226,PORTA GUARDANAPO LASER CISNE,6.0,,,,,,1.0,5.0,2.5,5.0,07,2021,07-2021,2607703132
227,PORTA CHAVE CASA 10X14,14.0,,,,,,1.0,3.5,1.7,13.0,07,2021,07-2021,8855224648
228,RECORTE LETRA 8CM S,5.0,,,,1.0,,,,,4.0,07,2021,07-2021,5202638720
229,guardanapos papel p/decoupage,272.0,,,,,,4.0,10.0,4.0,268.0,07,2021,07-2021,4326253037
230,RECORTE LETRA 12CM- M,7.0,,,,,,1.0,4.5,2.0,6.0,07,2021,07-2021,3838396474
231,RECORTE LETRA 12CM- N,1.0,,,,,,1.0,4.5,2.5,0.0,07,2021,07-2021,2380887596
232,PAINEL P PINTURA 20X20,2.0,,,,,,1.0,12.0,5.2,1.0,07,2021,07-2021,6323726250
233,TELA P/PINTURA 50X70,3.0,,,,,,3.0,96.0,39.75,0.0,07,2021,07-2021,9960585270
234,TELA P/PINTURA 30X50,4.0,,,,,,1.0,18.9,7.1,3.0,07,2021,07-2021,5050808805
235,TELA P/PINTURA 30X40,2.0,,,,,,2.0,26.0,10.2,0.0,07,2021,07-2021,1137244710
236,TELA P/PINTURA 20X30,0.0,6.0,,,,,2.0,17.8,8.44,4.0,07,2021,07-2021,6827904913
237,LINHA POLIESTER COSTURA - 281 AZUL,5.0,,,,,,1.0,8.0,4.0,4.0,07,2021,07-2021,7529835548
238,LINHA POLIESTER COSTURA - PRETA,24.0,,,,,,3.0,23.5,11.5,21.0,07,2021,07-2021,2883203504
239,FIO POLIESTER SOLTEX - BRANCO,14.0,,,,8.0,,0.0,0.0,,6.0,07,2021,07-2021,8881707820
240,LINHA QUEEN 7529 CHOCOLATE,4.0,,,,2.0,,2.0,36.0,13.0,0.0,07,2021,07-2021,4462725510
241,LETRA METAL 2CM -H,28.0,,,,,,2.0,3.77,1.77,26.0,07,2021,07-2021,8868781683
242,LETRA METAL 2CM -T,23.0,,,,,,2.0,3.0,1.0,21.0,07,2021,07-2021,8774082542
243,COLA DO ARTESÃO -SILICINE 60ML,2.0,,,,,,1.0,6.5,3.5,1.0,07,2021,07-2021,1268697948
244,BASTÃO COLA QUENTE FINO ,70.0,,,,,,3.0,2.91,1.41,67.0,07,2021,07-2021,7524307339
245,BASTÃO COLA QUENTE GROSSO ,4.0,,,,,,2.0,4.0,2.0,2.0,07,2021,07-2021,6552744526
246,COLA TEK BOND 2 20G,13.0,,,,,,1.0,12.0,5.0,12.0,07,2021,07-2021,1037913437
247,COLA PANO ACRILEX 35G,1.0,11.0,,,,,0.0,0.0,,12.0,07,2021,07-2021,686053493
248,COLA JEANS,12.0,,,,,,2.0,7.0,3.6,10.0,07,2021,07-2021,7792469960
249,DILUENTE P/TINTA TECIDO,0.0,6.0,,,,,0.0,0.0,,6.0,07,2021,07-2021,8018664696
250,FIO DE MALHA -ECOMALHA -3008  VERMELHO,2.0,,,,,,3.0,70.86,28.86,-1.0,07,2021,07-2021,2991008025
251,FIO POLIESTER  SOLTEX  - TONS DE VERDE,20.0,,,,,,0.0,0.0,,20.0,07,2021,07-2021,8697693051
252,FIO POLIESTER SOLTEX - TONS AZUL,6.0,,,,,,0.0,0.0,,6.0,07,2021,07-2021,7324885519
253,FIO POLIESTER  SOLTEX  - TONS DE AMARELO,8.0,,,,,,0.0,0.0,,8.0,07,2021,07-2021,180753000
254,FIO POLIESTER SOLTEX  - BEGE,2.0,,,,,,0.0,0.0,,2.0,07,2021,07-2021,7732185751
255,FIO POLIESTER SOLTEX - TONS DE ROSA,15.0,,,,,,0.0,0.0,,15.0,07,2021,07-2021,8961112333
256,BIG CONE euro 8 -0710 TELHA ,0.0,,,,,,1.0,58.0,28.0,-1.0,07,2021,07-2021,6751379717
257,BARROCO MAX 4/6 -4514 SALMÃO ,4.0,,,,1.0,,1.0,17.9,5.9,2.0,07,2021,07-2021,9012754449
258,BARROCO MAX 4/6 -5242 TREVO ,2.0,,,,2.0,,,,,0.0,07,2021,07-2021,7751370294
259,BARBANTE MILANO 6 200G 0840 AURORA ,5.0,,,,,,1.0,15.3,7.3,4.0,07,2021,07-2021,965120958
260,COSTURA DRIMA - 4954,2.0,,,,,,0.0,0.0,,2.0,07,2021,07-2021,7947922317
261,COSTURA DRIMA - 6010,6.0,,,,,,0.0,0.0,,6.0,07,2021,07-2021,2611694058
262,COSTURA DRIMA - 5923,7.0,,,,,,1.0,2.5,1.3,6.0,07,2021,07-2021,8615649650
263,COSTURA DRIMA - 0077,5.0,,,,,,1.0,2.49,1.29,4.0,07,2021,07-2021,3929857460
264,COSTURA DRIMA - 0516,0.0,10.0,,,,,0.0,0.0,,10.0,07,2021,07-2021,9433569617
265,BARBANTE TRENTO - MARROM 1100,5.0,,,,,,1.0,18.0,6.0,4.0,07,2021,07-2021,9761695567
266,COSTURA DRIMA - 0470,6.0,,,,,,0.0,0.0,,6.0,07,2021,07-2021,1937725430
267,BARROCO DECORE - 180M  BRANCO 8001,0.0,,,,,,1.0,22.0,6.5,-1.0,07,2021,07-2021,4195419602
268,BARBANTE LIMA 6 CRU,5.0,,,,,,2.0,42.0,12.6,3.0,07,2021,07-2021,9776924253
269,BARBANTE LIMA 6 ROSA,4.0,,,,,,1.0,21.0,6.3,3.0,07,2021,07-2021,710486250
270,BARBANTE LIMA 6 ROYAL,2.0,1.0,,,,,3.0,63.0,18.9,0.0,07,2021,07-2021,1538485247
271,BARBANTE LIMA 6 PRETO,4.0,,,,,,1.0,20.3,5.6,3.0,07,2021,07-2021,4250530764
272,BARBANTE LIMA 6 VERDE  BANDEIRA,4.0,,,,,,4.0,83.77,24.97,0.0,07,2021,07-2021,7999391220
273,BARBANTE LIMA 6 LARANJA,2.0,,,,,,1.0,21.0,6.3,1.0,07,2021,07-2021,7371295148
274,BARBANTE LIMA 8 CRU,11.0,,,,,,1.0,21.0,6.3,10.0,07,2021,07-2021,8642219331
275,BARBANTE LIMA 8 CAFÉ C/LEITE,3.0,,,,,,2.0,42.0,12.6,1.0,07,2021,07-2021,2777085866
276,BARBANTE LIMA 8 AMARELO OURO,6.0,,,,,,1.0,21.0,6.3,5.0,07,2021,07-2021,4813058652
277,BARBANTE LIMA 8 VERMELHO,19.0,,,,,,1.0,21.0,6.3,18.0,07,2021,07-2021,8775268900
278,BARBANTE LIMA 8 AZUL ROYAL,1.0,,,,,,1.0,21.0,6.3,0.0,07,2021,07-2021,2872409741
279,BARBANTE LIMA 8 VERDE LIMÃO,3.0,,,,,,2.0,40.0,10.6,1.0,07,2021,07-2021,8081464637
280,BARBANTE LIMA 8 CINZA,6.0,,,,,,5.0,105.0,31.5,1.0,07,2021,07-2021,2296137760
281,AGULHA TRICÔ MADEIRA - 9 ,6.0,,,,,,1.0,9.73,3.73,5.0,07,2021,07-2021,2550645540
282,"AGULHA TRICÔ PLÁSTICO 4,0 35CM",10.0,,,,,,1.0,8.1,2.1,9.0,07,2021,07-2021,165749228
283,"AGULHA TRICÔ PLÁSTICO 6,0 35CM",11.0,,,,,,2.0,16.5,7.0,9.0,07,2021,07-2021,5604810638
284,AGULHA TRICÔ PLÁSTICO 9  35CM,5.0,,,,,,1.0,9.0,3.0,4.0,07,2021,07-2021,1976811477
285,AGULHA TRICÔ PLÁSTICO  10  40CM,12.0,,,,,,0.0,0.0,,12.0,07,2021,07-2021,7147488983
286,"AGULHA TRICÔ PLÁSTICO 5,0 25CM",1.0,,,,,,1.0,7.78,1.78,0.0,07,2021,07-2021,484948585
287,"AGULHA TRICÔ PLÁSTICO 5,5 25CM",2.0,,,,,,1.0,8.07,2.07,1.0,07,2021,07-2021,9300690755
288,AGULHA TRICÔ PLÁSTICO 18  40CM,5.0,1.0,,,,,1.0,11.71,3.71,5.0,07,2021,07-2021,7618300804
289,AGULHA TRICÔ PLÁSTICO 7 35CM,11.0,,,,,,2.0,16.77,4.77,9.0,07,2021,07-2021,9620006594
290,"AGULHA TRICÔ PLÁSTICO 3,0  35CM",28.0,,,,,,0.0,0.0,,28.0,07,2021,07-2021,912543220
291,"AGULHA TRICÔ PLÁSTICO 9,0 35CM",6.0,,,,,,1.0,7.23,1.23,5.0,07,2021,07-2021,598903901
292,"AGULHA TRICÔ PLÁSTICO 5,5 35CM",0.0,12.0,,,,,,,,12.0,07,2021,07-2021,2344919768
293,"AGULHA TRICÔ PLÁSTICO 5,0 35CM",9.0,,,,,,2.0,17.5,6.0,7.0,07,2021,07-2021,5806930560
294,"AGULHA TRICÔ PLÁSTICO 4,5 35CM",12.0,,,,,,0.0,0.0,,12.0,07,2021,07-2021,1292384817
295,"AGULHA TRICÔ PLÁSTICO 4,0 35CM",5.0,,,,,,0.0,0.0,,5.0,07,2021,07-2021,5412032389
296,"AGULHA TRICÔ PLÁSTICO 3,5 35CM",24.0,,,,,,0.0,0.0,,24.0,07,2021,07-2021,8520979595
297,"AGULHA TRICÔ PLÁSTICO 4,0 25CM",12.0,,,,,,1.0,7.0,1.0,11.0,07,2021,07-2021,7533536441
298,AGULHA TRICÔ PLÁSTICO 10 25CM,2.0,,,,,,1.0,8.5,2.5,1.0,07,2021,07-2021,4728051717
299,"AGULHA TRICÔ PLÁSTICO 3,0M 25CM",7.0,,,,,,1.0,7.0,1.0,6.0,07,2021,07-2021,2955900946
300,LINHA ANNE 500  8001 BRANCO,8.0,36.0,,,,,4.0,69.79,21.79,40.0,07,2021,07-2021,1624413419
301,LINHA ANNE 500 0020 NATURAL,2.0,,,,,,2.0,35.0,15.0,0.0,07,2021,07-2021,7520317819
302,LINHA ANNE 500 7030 MOSTARDA,0.0,12.0,,,,,0.0,0.0,,12.0,07,2021,07-2021,5532669275
303,LINHA ANNE 500 3131 CHICLETE,6.0,,,,,,4.0,69.79,25.79,2.0,07,2021,07-2021,2095576626
304,LINHA ANNE 500 6085 BALÉ,0.0,6.0,,,,,0.0,0.0,,6.0,07,2021,07-2021,3812959865
305,LINHA ANNE 500 9202 GOIABA,1.0,,,,,,1.0,17.5,6.5,0.0,07,2021,07-2021,3865431763
306,LINHA ANNE 500 2470  ENSEADA ,1.0,5.0,,,,,0.0,0.0,,6.0,07,2021,07-2021,2013876499
307,LINHA ANNE 500 2151 CÉU,0.0,6.0,,,,,0.0,0.0,,6.0,07,2021,07-2021,7050162008
308,LINHA ANNE 500 5791 ,1.0,1.0,,,1.0,,,,,1.0,07,2021,07-2021,9244778087
309,LINHA ANNE 500 5800 PISTACHE,2.0,5.0,,,,,,,,7.0,07,2021,07-2021,8244702168
310,LINHA ANNE 500 5767 BANDEIRA,15.0,,,,,,1.0,17.5,6.5,14.0,07,2021,07-2021,212402256
311,LINHA ANNE 500 5398 MUSGO,0.0,6.0,,,,,0.0,0.0,,6.0,07,2021,07-2021,1053390637
312,CAMILA FASHION 500  0063,2.0,,,,,,1.0,18.78,5.28,1.0,07,2021,07-2021,6512035610
313,CAMILA FASHION 500  BRANCO,0.0,30.0,,,,,,,,30.0,07,2021,07-2021,8590945085
314,CAMILA FASHION 500  PRETO,4.0,,,,,,1.0,20.0,6.5,3.0,07,2021,07-2021,9791896676
315,LÃ ISTAMBUL 373 BRANCO,5.0,,,,,,1.0,27.0,11.0,4.0,07,2021,07-2021,5097871011
316,LÃ URBANO -8990 PRETA,10.0,,,,,,6.0,113.4,38.46,4.0,07,2021,07-2021,1954941565
317,LÃ URBANO -7684 CRU,10.0,,,,,,1.0,18.9,6.41,9.0,07,2021,07-2021,4419039714
318,LÃ URBANO - AZUL PETROLEO,3.0,,,,,,1.0,18.9,6.41,2.0,07,2021,07-2021,7104012248
319,LÃ MAGICPULL -8642,15.0,,,,,,3.0,114.0,39.0,12.0,07,2021,07-2021,4297766237
320,LÃ FASTPULL 8635,4.0,,,,4.0,,,,,0.0,07,2021,07-2021,505200910
321,LÃ COLORPULL 8664,1.0,,,,1.0,,,,,0.0,07,2021,07-2021,1211164505
322,LÃ LOLLIPULL 8726,0.0,1.0,,,,,,,,1.0,07,2021,07-2021,9111973632
323,LÃ HOBBY - 7136 MOSTARDA,1.0,,,,,,1.0,22.0,10.13,0.0,07,2021,07-2021,4413432821
324,LÃ HOBBY - 7650 ROSE,14.0,,,,5.0,,,,,9.0,07,2021,07-2021,6093427970
325,TINTA TECIDO ACRILEX 519 BRANCO,19.0,,,,,,3.0,11.4,3.3,16.0,07,2021,07-2021,7617237676
326,TINTA TECIDO ACRILEX 505 AMARELO OURO,1.0,12.0,,,,,0.0,0.0,,13.0,07,2021,07-2021,4091548557
327,TINTA TECIDO ACRILEX 541 VERMELHO VIVO,3.0,,,,,,1.0,3.8,1.3,2.0,07,2021,07-2021,5373396287
328,TINTA TECIDO ACRILEX 574 CINZA LUNAR,14.0,,,,,,4.0,15.2,4.8,10.0,07,2021,07-2021,2372744784
329,TINTA TECIDO ACRILEX 549 MAGENTA,7.0,,,,,,1.0,3.8,1.3,6.0,07,2021,07-2021,1699387058
330,LÃ JACKARD 602 ROSA MESCLA,3.0,,,,,,2.0,39.75,15.75,1.0,07,2021,07-2021,2710512467
331,LÃ JACKARD 112 VINHO,1.0,,,,,,1.0,22.0,11.0,0.0,07,2021,07-2021,3456346477
332,LÃ JACKARD 108 AZUL MARINHO,3.0,,,,,,2.0,44.0,20.0,1.0,07,2021,07-2021,4788625269
333,LÃ JACKARD 667 CAMUFLADO,6.0,,,,,,1.0,17.72,5.72,5.0,07,2021,07-2021,141628705
334,LÃ FAST FINI - 317 BEGE,6.0,,,,,,1.0,20.66,9.16,5.0,07,2021,07-2021,1235152586
335,LÃ FAST FINI - 308 CRU,1.0,,,,1.0,,,,,0.0,07,2021,07-2021,7605396439
336,LÃ BELIZE -980,3.0,,,,3.0,,,,,0.0,07,2021,07-2021,9027548637
337,COSTURA DRIMA - 0042,0.0,10.0,,,,,0.0,0.0,,10.0,07,2021,07-2021,8568684319
338,LÃ ELEGANCE - 0405,2.0,,,,,,1.0,13.56,3.17,1.0,07,2021,07-2021,6131879644
339,LÃ ELEGANCE - 1015,10.0,,,,,,6.0,100.0,37.66,4.0,07,2021,07-2021,533128884
340,LÃ ELEGANCE - 1634,5.0,,,,,,5.0,79.38,27.43,0.0,07,2021,07-2021,6537903650
341,LÃ ELEGANCE - 8003,6.0,,,,,,2.0,33.6,12.6,4.0,07,2021,07-2021,9341732429
342,LÃ ELEGANCE - 1107,2.0,,,,,,1.0,12.5,2.11,1.0,07,2021,07-2021,9489708990
343,LÃ ELEGANCE - PRETO,18.0,,,,,,7.0,111.83,38.33,11.0,07,2021,07-2021,7983281199
344,LÃ ELEGANCE - 2823,7.0,,,,,,3.0,50.4,19.23,4.0,07,2021,07-2021,5222217324
345,LÃ ELEGANCE - 1529,3.0,,,,,,3.0,50.4,19.23,0.0,07,2021,07-2021,995749540
346,LÃ CHLOE - 402,7.0,,,,,,3.0,51.41,12.41,4.0,07,2021,07-2021,864895356
347,LÃ CHLOE - 841,3.0,,,,,,2.0,44.0,18.0,1.0,07,2021,07-2021,4686088059
348,LÃ MOLLET 100G -0940 PRETO,9.0,,,,5.0,,4.0,44.2,15.32,0.0,07,2021,07-2021,3317176854
349,LÃ MOLLET 100G -7650 AMENDOA,29.0,,,,,,2.0,21.6,7.16,27.0,07,2021,07-2021,8918796306
350,LÃ KIARA - VERMELHA,10.0,,,,3.0,,,,,7.0,07,2021,07-2021,7519314074
351,LÃ KLINT - 14304 AZUL,1.0,,,,,,1.0,14.44,,0.0,07,2021,07-2021,5077480769
352,LÃ ACALANTO - 503,4.0,,,,,,0.0,0.0,,4.0,07,2021,07-2021,5407260884
353,LÃ ACALANTO - 4469,1.0,,,,,,0.0,0.0,,1.0,07,2021,07-2021,524833607
354,LÃ PREMIUM - 0190 CHOCOLATE,11.0,,,,,,1.0,16.8,6.8,10.0,07,2021,07-2021,7476153188
355,LÃ PREMIUM - 6080 AZUL PETROLEO,8.0,,,,,,1.0,15.0,4.5,7.0,07,2021,07-2021,2788521117
356,LÃ PREMIUM - 6038 AZUL MAR,6.0,,,,,,1.0,15.39,4.89,5.0,07,2021,07-2021,9594104656
357,LÃ PREMIUM - 8003 CREME,6.0,,,,,,2.0,31.6,10.6,4.0,07,2021,07-2021,3214192149
358,LÃ ONDA - 1030 AMARELO OURO,2.0,,,,,,1.0,14.9,5.9,1.0,07,2021,07-2021,8370760170
359,LÃ SUPER BEBÊ 100G - 6040 AZUL BIC,6.0,,,,,,1.0,16.8,6.2,5.0,07,2021,07-2021,1973046988
360,LÃ SUPER BEBÊ 100G - 4004 ROSA,7.0,,,,,,1.0,16.8,6.2,6.0,07,2021,07-2021,1992575188
361,LÃ SUPER BEBÊ 100G - 0884 BEGE,10.0,,,,,,3.0,50.4,18.6,7.0,07,2021,07-2021,1539390091
362,LÃ SUPER BEBÊ 100G - 6010 AZUL TURQUESA,14.0,,,,,,2.0,33.6,12.4,12.0,07,2021,07-2021,6668631721
363,LÃ SUPER BEBÊ 100G - PRETO,10.0,,,,,,1.0,16.8,6.0,9.0,07,2021,07-2021,8131173891
364,TINTA TECIDO GATO PRETO -451 SÉPIA,5.0,,,,,,1.0,3.8,1.8,4.0,07,2021,07-2021,6882982704
365,TECIDO TALAGARÇA FINA ,8.0,792.0,,,,,20.0,6.4,2.4,780.0,07,2021,07-2021,7838892859
366,TECIDO TALAGARÇA GROSSA ,12.0,1188.0,,,,,0.0,0.0,,1200.0,07,2021,07-2021,1391812453
367,BARROCO MULT 200G -9360,0.0,6.0,,,,,0.0,0.0,,6.0,07,2021,07-2021,7035711240
368,BARROCO MULT 200G -9165 HIBISCO AMARELO,2.0,,,,,,1.0,17.9,6.2,1.0,07,2021,07-2021,1112721355
369,BARROCO MULT 200G -9440 QUARTZO VERDE,3.0,,,,,,1.0,17.9,6.2,2.0,07,2021,07-2021,3724698780
370,BARROCO MULT 200G -9181 ,3.0,,,,,,1.0,17.33,5.63,2.0,07,2021,07-2021,8135068533
371,LINHA CLÉA 1000 - 0020 ATURAL ,2.0,12.0,,,,,,,,14.0,07,2021,07-2021,7567052079
372,LINHA CLÉA 1000 -2856 ANIL PROFUNDO,0.0,6.0,,,,,,,,6.0,07,2021,07-2021,6088069917
373,LINHA CLÉA 1000 -3526 ROSA CANDY,0.0,18.0,,,,,1.0,17.5,6.5,17.0,07,2021,07-2021,9455952659
374,LINHA CAMILA 1000 - 0187,8.0,,,,,,1.0,20.0,7.1,7.0,07,2021,07-2021,9566808245
375,LINHA CAMILA 1000 - 0062,4.0,,,,,,1.0,20.0,7.1,3.0,07,2021,07-2021,177959706
376,LINHA ANNE 65M - 5398 VERDE PINHEIRO,8.0,,,,,,0.0,0.0,,8.0,07,2021,07-2021,227596389
377,LINHA ANNE 65M - 8990 PRETO,6.0,,,,,,1.0,5.5,3.0,5.0,07,2021,07-2021,4739631696
378,LINHA ANNE 65M - 5800 VERDE PISTACHE,10.0,,,,,,0.0,0.0,,10.0,07,2021,07-2021,9119240952
379,LINHA ANNE 65M - 2137 - AZUL CÉU,4.0,,,,,,0.0,0.0,,4.0,07,2021,07-2021,9669499018
380,LINHA ANNE 65M - 5215 VERDE,0.0,10.0,,,,,0.0,0.0,,10.0,07,2021,07-2021,4656851205
381,LINHA ANNE 65M - 3581 VERMELHO,6.0,,,,,,1.0,5.5,2.6,5.0,07,2021,07-2021,9194659395
382,LINHA ANNE 65M - 8001 BRANCO,9.0,,,,,,3.0,16.5,8.4,6.0,07,2021,07-2021,2149096537
383,LINHA CLÉA 125 -9427 ROSA,2.0,,,,,,1.0,5.5,2.7,1.0,07,2021,07-2021,6450446633
384,Linha Rayza - VERDE CABARÉ,13.0,,,,,,0.0,0.0,,13.0,07,2021,07-2021,132190358
385,CAMILINHA 125M - 0229 VERDE BANDEIRA,9.0,,,,,,1.0,5.5,2.5,8.0,07,2021,07-2021,2964041744
386,CAMILINHA 125M - 0231 VERDE BANDEIRA 2,10.0,,,,,,1.0,5.0,1.8,9.0,07,2021,07-2021,9779897103
387,COSTURA DRIMA - 0303,1.0,,,,,,0.0,0.0,,1.0,07,2021,07-2021,1087825933
388,COLA ESCOLAR 40G ,4.0,,,,,,1.0,1.5,0.7,3.0,07,2021,07-2021,275507781
389,COSTURA DRIMA - 0234,8.0,,,,,,0.0,0.0,,8.0,07,2021,07-2021,3977429242
390,COSTURA DRIMA - 0463,4.0,,,,,,0.0,0.0,,4.0,07,2021,07-2021,4167847133
391,COSTURA DRIMA - 0091,2.0,,,,,,2.0,5.0,2.4,0.0,07,2021,07-2021,1165081069
392,COSTURA DRIMA - 0337,4.0,,,,,,0.0,0.0,,4.0,07,2021,07-2021,7145816068
393,COSTURA DRIMA - 6023,8.0,,,,,,0.0,0.0,,8.0,07,2021,07-2021,2066885189
394,TINTA FOSCA P/ARTESANATO - 519 BRANCA,7.0,,,,,,1.0,9.44,2.94,6.0,07,2021,07-2021,6676908485
395,TINTA FOSCA P/ARTESANATO -470  MARROM,0.0,2.0,,,,,2.0,17.0,5.6,0.0,07,2021,07-2021,2130435743
396,CAMILINHA 125M - 0046 VERMELHO,6.0,,,,,,1.0,5.5,2.4,5.0,07,2021,07-2021,7400955173
397,CAMILINHA 125M - 0105 BEGE,5.0,,,,,,1.0,5.5,2.5,4.0,07,2021,07-2021,5732042827
398,PLÁSTICO ADESIVO - ARABESCO BCO/PTO,10.0,990.0,,,,,150.0,18.0,6.0,850.0,07,2021,07-2021,8059728567
399,PLÁSTICO ADESIVO - TIJOLO,0.0,1000.0,,,,,0.0,0.0,,1000.0,07,2021,07-2021,6154653446
400,BROCHA P PINTURA 835- 00,3.0,,,,3.0,,0.0,0.0,,0.0,07,2021,07-2021,8851758925
401,PINCEL KERAMIK 331 -14,3.0,,,,,,1.0,16.0,8.0,2.0,07,2021,07-2021,1777404114
402,LINHA RUBI - 2406 AZUL,5.0,,,,,,2.0,6.0,3.0,3.0,07,2021,07-2021,5923729515
403,FITA CETIM PROGRESSO 9 - 0201 BRANCO,16.0,,,,,,2.0,3.0,1.4,14.0,07,2021,07-2021,2356057519
404,FITA CETIM PROGRESSO 5 - 1355 MARSALA,10.0,,,,,,1.0,1.0,0.5,9.0,07,2021,07-2021,3749494473
405,FITA CETIM PROGRESSO 3 - 0201 BRANCO,41.0,,,,,,13.0,9.96,4.76,28.0,07,2021,07-2021,3885672573
406,COSTURA DRIMA - 5605,2.0,,,,,,0.0,0.0,,2.0,07,2021,07-2021,9575221631
407,FITA CETIM PROGRESSO 3 - 0240 ROSA ESCURO ,20.0,,,,,,10.0,8.0,4.0,10.0,07,2021,07-2021,2727171682
408,FITA CETIM PROGRESSO 3 - 0392 SALMÃO,30.0,,,,,,10.0,7.43,3.43,20.0,07,2021,07-2021,8551221543
409,Meada Anchor - 0001,7.0,,,,,,3.0,11.7,5.7,4.0,07,2021,07-2021,6794418569
410,COSTURA DRIMA - 0079,0.0,10.0,,,,,2.0,4.47,2.07,8.0,07,2021,07-2021,4800521032
411,COSTURA DRIMA - 0147,6.0,,,,,,0.0,0.0,,6.0,07,2021,07-2021,1344969410
412,COSTURA DRIMA - 0757,0.0,10.0,,,,,0.0,0.0,,10.0,07,2021,07-2021,3649774456
413,TINTA TECIDO ACRILEX 520 PRETO,18.0,,,,,,3.0,11.4,3.6,15.0,07,2021,07-2021,9202853728
414,FITA CETIM PROGRESSO 2 - 0201 BRANCO,22.0,,,,,,10.0,5.67,2.67,12.0,07,2021,07-2021,2850969765
415,LÃ GLOSS BRANCA ,14.0,,,,,,1.0,11.0,2.0,13.0,07,2021,07-2021,3565165426
416,LÃ GLOSS CINZA,32.0,,,,,,3.0,35.45,8.45,29.0,07,2021,07-2021,2792146043
417,LÃ DENVER - 149 AZUL,18.0,,,,,,3.0,69.69,28.29,15.0,07,2021,07-2021,8539882130
418,LÃ ANAMUR - 907 CASTANHA,3.0,,,,,,3.0,66.0,21.0,0.0,07,2021,07-2021,4075826310
419,LÃ ANAMUR - 162 JEANS,3.0,,,,,,3.0,66.0,21.0,0.0,07,2021,07-2021,8227990615
420,LÃ ACALANTO -5846 AZUL,0.0,10.0,,,,,0.0,0.0,,10.0,07,2021,07-2021,1526164708
421,LÃ ACALANTO - 435 VINHO,1.0,,,,,,0.0,0.0,,1.0,07,2021,07-2021,7602964853
422,COSTURA DRIMA - 5924,5.0,,,,,,1.0,2.5,1.3,4.0,07,2021,07-2021,3966320697
423,LÃ MOLLET 40G -9172,8.0,,,,,,1.0,4.8,1.61,7.0,07,2021,07-2021,5273485008
424,LÃ MOLLET 40G -9288,13.0,,,,,,3.0,14.39,4.82,10.0,07,2021,07-2021,3513713530
425,LÃ MOLLET 40G -9490,7.0,,,,,,4.0,19.13,6.37,3.0,07,2021,07-2021,9137867699
426,LÃ MOLLET 40G -9373 DOCEIRA,2.0,10.0,,,,,0.0,0.0,,12.0,07,2021,07-2021,2487509621
427,LÃ MOLLET 40G -9375,10.0,,,,,,3.0,14.4,4.95,7.0,07,2021,07-2021,1715929376
428,LÃ MOLLET 40G -9427,10.0,,,,,,3.0,14.4,4.83,7.0,07,2021,07-2021,1441823136
429,LÃ MOLLET 40G -9603,6.0,,,,,,1.0,5.0,2.5,5.0,07,2021,07-2021,9487751144
430,LÃ MOLLET 40G -0453 TREVO,24.0,,,,,,1.0,4.8,1.61,23.0,07,2021,07-2021,2892626197
431,LÃ MOLLET 40G -5545 BANDEIRA,13.0,,,,,,1.0,4.8,1.61,12.0,07,2021,07-2021,7798159909
432,LÃ MOLLET 40G -0541 ENSEADA,23.0,,,,,,2.0,9.6,3.22,21.0,07,2021,07-2021,4984728310
433,LÃ MOLLET 40G -2194 TURQUESA,8.0,,,,,,2.0,9.6,3.22,6.0,07,2021,07-2021,251480909
434,LÃ MOLLET 40G -3635 VERMELHO,9.0,,,,,,2.0,9.6,3.22,7.0,07,2021,07-2021,3761618714
435,LÃ MOLLET 40G -0145 CHAMA,7.0,,,,,,2.0,9.6,3.22,5.0,07,2021,07-2021,4766608481
436,LÃ MOLLET 40G -8176 OFF-WHITE,14.0,,,,,,2.0,9.6,3.22,12.0,07,2021,07-2021,4123424434
437,LÃ MOLLET 40G -6313 AMORA,11.0,,,,,,2.0,9.35,2.97,9.0,07,2021,07-2021,1559115525
438,LÃ MOLLET 40G -0409 AMETISTA,15.0,,,,,,1.0,4.8,1.61,14.0,07,2021,07-2021,9483515422
439,LÃ RENDIDORA - 731,3.0,,,,,,1.0,11.0,2.0,2.0,07,2021,07-2021,9094608342
440,LÃ RENDIDORA -  230,3.0,,,,,,2.0,25.26,7.26,1.0,07,2021,07-2021,9540926178
441,LÃ RENDIDORA - 400,3.0,,,,,,1.0,12.91,3.91,2.0,07,2021,07-2021,6594465132
442,LÃ MOLLET 40G -7417 CHUMBO,15.0,,,,,,4.0,19.2,6.44,11.0,07,2021,07-2021,820084153
443,LÃ BEBÊ TODO DIA - 4454,1.0,,,,1.0,,,,,0.0,07,2021,07-2021,6957602934
444,LÃ MOLLET 40G -6040 LIRIO,6.0,,,,,,1.0,4.8,1.61,5.0,07,2021,07-2021,9757229533
445,COSTURA DRIMA - 5887,0.0,10.0,,,,,0.0,0.0,,10.0,07,2021,07-2021,8617792556
446,LÃ SEDA - 7030 MOSTARDA,3.0,,,,,,1.0,17.76,5.76,2.0,07,2021,07-2021,8133808344
447,LINHA CLÉA 1000 -8001 BRANCO,5.0,,,,,,1.0,17.5,5.5,4.0,07,2021,07-2021,3338590856
448,LINHA ANNE 500 3635 PAIXÃO,0.0,6.0,,,,,0.0,0.0,,6.0,07,2021,07-2021,9322043676
449,LINHA ANNE 500 5363 ESMERALDA,0.0,6.0,,,,,0.0,0.0,,6.0,07,2021,07-2021,9028339049
450,LINHA ANNE 500 7650 AMENDOA,8.0,4.0,,,,,,,,12.0,07,2021,07-2021,59271169
451,LÃ MOLLET 40G -0318 AMARELO,10.0,,,,,,2.0,9.6,3.22,8.0,07,2021,07-2021,8795490732
452,LÃ MOLLET 40G -0769 ROSA,10.0,,,,,,1.0,4.8,1.61,9.0,07,2021,07-2021,9887997659
453,LÃ CETIM - 4026,10.0,,,,,,2.0,33.0,9.0,8.0,07,2021,07-2021,1449119589
454,LÃ CETIM - 6080,9.0,,,,,,2.0,34.04,10.04,7.0,07,2021,07-2021,3154444530
455,LÃ CETIM - 6332,5.0,,,,,,2.0,34.04,10.04,3.0,07,2021,07-2021,2542861506
456,FELTROS GERAL,5950.0,,,,,,25.0,4.0,2.25,5925.0,07,2021,07-2021,5682467742
457,TOUCAS LÃ ADULTO,7.0,,,,,,3.0,105.0,45.0,4.0,07,2021,07-2021,6141341135
458,lastex branco,21.0,,,,,,4.0,6.0,3.6,17.0,07,2021,07-2021,4435486736
459,TELA P/PINTURA 40X60 ,1.0,,,,,,2.0,44.0,18.0,-1.0,07,2021,07-2021,8920196895
460,LÃ SUPER BEBÊ 100G - 4065 pink,3.0,,,,,,2.0,33.6,12.4,1.0,07,2021,07-2021,5415758630
461,LÃ SUPER BEBÊ 100G - 3015 VERMELHO,4.0,,,,,,4.0,66.09,23.69,0.0,07,2021,07-2021,2542614714
462,LÃ SUPER BEBÊ 100G - 1005 AMARELO BEBE,6.0,,,,,,1.0,16.77,6.17,5.0,07,2021,07-2021,3298335018
463,LÃ SUPER BEBÊ 100G - 4025 GOIABA,3.0,,,,,,3.0,50.4,18.6,0.0,07,2021,07-2021,4017473481
464,AGULHA TRICÔ PLÁSTICO 8 CORRENTE,3.0,,,,,,1.0,8.5,2.5,2.0,07,2021,07-2021,6648853437
465,TINTA ÓLEO GATO PRETO 25 ML - AMARELO CADMIO CLARO,-4.0,4.0,,,,,,,,0.0,07,2021,07-2021,2790448596
466,TINTA ÓLEO GATO PRETO 25 ML - AMARELO OCRE OURO,3.0,,,,,,1.0,7.5,3.5,2.0,07,2021,07-2021,3277424640
467,VERNIZ GERAL - 100ML ,0.0,6.0,,,,,0.0,0.0,,6.0,07,2021,07-2021,1678693172
468,TINTA PVA FOSCA 100 ML - 758 ROSA ANTIGO ,1.0,,,,,,1.0,7.85,3.05,0.0,07,2021,07-2021,4104554726
469,REDE SERTANEJA PADRÃO ,1.0,,,,,,1.0,115.0,48.0,0.0,07,2021,07-2021,3289418836
470,LINHA LIZA GROSSA -  7213,5.0,,,,,,2.0,20.0,8.0,3.0,07,2021,07-2021,3806470933
471,LÃ MOLLET 100G -0020 NATURAL,0.0,10.0,,,,,0.0,0.0,,10.0,07,2021,07-2021,8335516944
472,LÃ MOLLET 100G -8860 NOTURNO,0.0,10.0,,,,,6.0,68.0,24.68,4.0,07,2021,07-2021,3190298232
473,LÃ MOLLET 100G -0385 PINK,10.0,,,,,,4.0,44.52,15.64,6.0,07,2021,07-2021,6258665139
474,LÃ MOLLET 100G -0447 MILITAR,0.0,5.0,,,,,2.0,21.6,7.16,3.0,07,2021,07-2021,6394962922
475,LÃ MOLLET 100G -4817 BRASA,9.0,,,,,,1.0,11.8,4.58,8.0,07,2021,07-2021,6141677347
476,LÃ MOLLET 100G -0769 ROSA,9.0,,,,,,5.0,57.0,20.9,4.0,07,2021,07-2021,166234156
477,LÃ MOLLET 100G -3182 CHICLETE,9.0,,,,,,5.0,52.71,16.61,4.0,07,2021,07-2021,9678334420
478,LÃ MOLLET 100G -7030 MOSTARDA,7.0,,,,,,1.0,11.8,4.58,6.0,07,2021,07-2021,1318525103
479,LÃ MOLLET 100G -7447 AVELÃ,3.0,,,,,,3.0,33.4,11.74,0.0,07,2021,07-2021,1728292873
480,OLHO P AMIGURUMI -18 PRETO,23.0,,,,,,2.0,3.0,1.8,21.0,07,2021,07-2021,8576490269
481,LINHA ANNE 500 8990 PRETO,0.0,6.0,,,,,,,,6.0,07,2021,07-2021,5910620424
482,BARBANTE LIMA 6 CINZA,5.0,,,,,,1.0,21.0,6.3,4.0,07,2021,07-2021,7767670925
483,BARBANTE LIMA 6 MOSTARDA,4.0,,,,,,1.0,21.0,6.3,3.0,07,2021,07-2021,717700328
484,PLÁSTICO ADESIVO - AZULEJO AZUL,500.0,17.0,,,,,517.0,62.04,20.68,0.0,07,2021,07-2021,9194039598
485,PLÁSTICO ADESIVO - AZULEJO ,427.0,,,,,,200.0,24.0,8.0,227.0,07,2021,07-2021,4311825605
486,TECIDO TRICOLINE DIVERSOS,119.0,,,,,,2.0,48.0,18.26,117.0,07,2021,07-2021,7194508914
487,ARGOLA 100 ,78.0,,,,,,5.0,7.5,4.0,73.0,07,2021,07-2021,8279536963
488,ELASTICO CHATO BRANCO 10,100.0,,,,,,2.0,2.0,1.3,98.0,07,2021,07-2021,9382814622
489,ELASTICO CHATO BRANCO 12 METRO,181.0,,,,,,6.0,6.0,3.6,175.0,07,2021,07-2021,4270983726
490,ELASTICO CHATO BRANCO 14 METRO,200.0,,,,,,2.0,2.0,1.1,198.0,07,2021,07-2021,4005298435
491,ELASTICO CHATO BRANCO 16,192.0,,,,,,29.0,43.0,28.5,163.0,07,2021,07-2021,5512170456
492,SISAL ROLO 10MT,11.0,,,,,,1.0,10.0,4.4,10.0,07,2021,07-2021,59329000
493,ELASTICO 25MM BRANCO 25MT,25.0,,,,,,2.0,5.0,3.0,23.0,07,2021,07-2021,2070625998
494,ELASTICO 25MM PRETO 25 MT,25.0,,,,,,2.0,5.0,3.0,23.0,07,2021,07-2021,4015147533
495,"AGULHA TRICÔ ALUMÍNIO - 2,5 ",12.0,,,,,,1.0,7.5,4.0,11.0,07,2021,07-2021,6368742060
496,PEROLA 4MM - BRANCA,2.0,,,,,,2.0,19.94,13.94,0.0,07,2021,07-2021,1374630375
497,linha amigurumi- 5767 BANDEIRA,4.0,,,,,,1.0,13.5,5.0,3.0,07,2021,07-2021,2128071503
498,ARGOLA 75 ,57.0,,,,,,2.0,2.0,1.0,55.0,07,2021,07-2021,8912260812
499,LÃ MOLLET 100G -0640  azul marinho,25.0,,,,,,2.0,22.6,8.16,23.0,07,2021,07-2021,705007650
500,AGULHA CROCHÊ CIRCULO - 6,0.0,1.0,,,,,1.0,7.0,3.2,0.0,07,2021,07-2021,2674769903
501,AGULHA CROCHÊ CIRCULO - 8,7.0,,,,,,2.0,16.0,8.0,5.0,07,2021,07-2021,9712330942
502,"AGULHA CROCHE AÇO CIRCULO - 2,10MM",4.0,1.0,,,,,1.0,6.0,2.5,4.0,07,2021,07-2021,8534009787
503,"AGULHA CROCHE AÇO CIRCULO - 1,50MM",4.0,,,,1.0,,,,,3.0,07,2021,07-2021,7925743449
504,"AGULHA CROCHE AÇO CIRCULO - 1,75MM",2.0,,,,,,3.0,18.0,7.5,-1.0,07,2021,07-2021,8346779369
505,"AGULHA CROCHE TULIP -4 1,25MM",18.0,,,,,,1.0,6.0,2.5,17.0,07,2021,07-2021,8132516710
506,LÃ MOLLET 40G -0020 ,3.0,,,,,,1.0,4.41,1.22,2.0,07,2021,07-2021,9391572403
507,LÃ MOLLET 40G -0115 RUBI,10.0,,,,,,1.0,4.76,1.57,9.0,07,2021,07-2021,132980000
508,LÃ MOLLET 40G -0640 MARINHO,2.0,,,,,,1.0,4.8,1.61,1.0,07,2021,07-2021,8472119550
509,LÃ MOLLET 40G -2403 AQUA,5.0,,,,,,1.0,4.8,1.61,4.0,07,2021,07-2021,7192644771
510,LÃ MOLLET 40G -3013 GLACÊ,6.0,,,,,,4.0,19.19,6.43,2.0,07,2021,07-2021,541944141
511,LÃ MOLLET 40G -6399 AZALEIA,6.0,,,,,,5.0,23.9,7.95,1.0,07,2021,07-2021,5120749515
512,LÃ MOLLET 40G -0010 BRANCO,2.0,,,,,,2.0,9.6,3.22,0.0,07,2021,07-2021,314538309
513,LÃ MOLLET 40G -0700 ALUMINIO,7.0,,,,,,3.0,14.4,4.83,4.0,07,2021,07-2021,5543450795
514,LÃ SEDA - 5934 ESMERALDA,5.0,,,,,,1.0,17.8,5.8,4.0,07,2021,07-2021,500672322
515,LÃ MOLLET 100G -0608 CHOCOLATE,10.0,,,,,,3.0,31.7,9.2,7.0,07,2021,07-2021,4593771508
516,BARROCO NATURAL 6 -20 700G,3.0,,,,,,1.0,36.79,11.79,2.0,07,2021,07-2021,5650961479
517,BARROCO DECORE LUXO -0305,3.0,,,,,,3.0,66.0,19.5,0.0,07,2021,07-2021,1073267470
518,BIG CONE CIRCULO 6 -3581 VERMELHO,0.0,8.0,,,,,0.0,0.0,,8.0,07,2021,07-2021,7289822592
519,LÃ AMORE BABY -9351 VERDE,1.0,,,,1.0,,,,,0.0,07,2021,07-2021,761672974
520,LÃ MAIS BEBE - 6140 LILAS,10.0,,,,,,1.0,15.8,6.3,9.0,07,2021,07-2021,2939929343
521,LINHA COSTURA SOL - BRANCA,18.0,,,,,,6.0,47.46,17.46,12.0,07,2021,07-2021,354882984
522,ZIPER METAL GROSSO FIXO 15cm MARINHO,38.0,,,,,,2.0,6.27,2.87,36.0,07,2021,07-2021,7491899439
523,LÃ PREMIUM - PRETO,22.0,,,,,,1.0,15.8,5.3,21.0,07,2021,07-2021,3553603291
524,COSTURA DRIMA - 6011,4.0,,,,,,0.0,0.0,,4.0,07,2021,07-2021,7169671422
525,COSTURA DRIMA - 6093,9.0,,,,,,1.0,2.5,1.1,8.0,07,2021,07-2021,3215691135
526,"AGULHA TRICÔ PLÁSTICO 6,0 35CM",10.0,,,,,,1.0,7.96,2.46,9.0,07,2021,07-2021,6226486312
527,LÃ MOLLET 100G -0700 ALUMÍNIO,36.0,,,,,,5.0,53.87,16.37,31.0,07,2021,07-2021,6722749573
528,LÃ MOLLET 100G -5556 TIFANY,9.0,,,,,,4.0,44.2,15.32,5.0,07,2021,07-2021,5353354617
529,LÃ MOLLET 100G -0850 CASTANHO,39.0,,,,,,4.0,43.0,14.12,35.0,07,2021,07-2021,1129213779
530,LÃ MOLLET 100G -8176 OFF-WHITE,36.0,,,,,,7.0,81.55,31.01,29.0,07,2021,07-2021,3183666497
531,LÃ MOLLET 100G -1245 CANÁRIO,10.0,,,,,,1.0,11.18,3.96,9.0,07,2021,07-2021,4643343688
532,LÃ MOLLET 100G -3128 CUPIDO,10.0,,,,,,1.0,11.8,4.3,9.0,07,2021,07-2021,6692510844
533,AGULHA BORDADO - 16,84.0,,,,,,18.0,27.0,14.4,66.0,07,2021,07-2021,6614286028
534,AGULHA BORDADO - 13,16.0,,,,,,6.0,10.86,4.86,10.0,07,2021,07-2021,1389163166
535,AGULHA BORDADO - 18,38.0,,,,,,3.0,2.75,1.25,35.0,07,2021,07-2021,7825036191
536,TOUCA LA INFANTIL,16.0,,,,,,2.0,40.0,4.0,14.0,07,2021,07-2021,9128168076
537,BARBANTE EUROROMA 6 - CINZA,6.0,,,,,,1.0,19.5,6.6,5.0,07,2021,07-2021,6969729340
538,"CAVALETE PARA PINTURA 1,80",0.0,1.0,,,,,,,,1.0,07,2021,07-2021,1088025496
539,TESOURA MULTI USO 7 1/2,1.0,2.0,,,,,2.0,40.0,20.2,1.0,07,2021,07-2021,4815435212
540,TINTA TECIDO ACRILEX 572 VERDE ABACATE ,9.0,,,,,,1.0,3.8,1.3,8.0,07,2021,07-2021,9881301968
541,TINTA TECIDO ACRILEX 583 VERMELHO TOMATE ,5.0,,,,,,1.0,3.8,1.3,4.0,07,2021,07-2021,7898852498
542,LUVA SEM DEDO,4.0,,,,,,1.0,14.04,4.04,3.0,07,2021,07-2021,2636236565
543,LÃ MOLLET 100G -0115 VINHO,10.0,,,,,,9.0,99.2,34.22,1.0,07,2021,07-2021,2212921653
544,LÃ SEDA - 8990 PRETO,0.0,,,,,,2.0,31.6,11.8,-2.0,07,2021,07-2021,7122333027
545,AGULHA TRICÔ ALUMÍNIO -2 MM,12.0,,,,,,0.0,0.0,,12.0,07,2021,07-2021,8515406267
546,AGULHA TRICÔ ALUMÍNIO - 3MM,11.0,,,,,,2.0,15.0,8.0,9.0,07,2021,07-2021,9021221822
547,linha amigurumi- 2927 AQUARIO,0.0,6.0,,,,,0.0,0.0,,6.0,07,2021,07-2021,2157546054
548,linha amigurumi- 4131 dark cheddar,0.0,12.0,,,,,,,,12.0,07,2021,07-2021,7783669677
549,linha amigurumi- 4456 LARANJA,5.0,,,,1.0,,,,,4.0,07,2021,07-2021,4762364592
550,linha amigurumi- 3046 DOÇURA,0.0,6.0,,,,,,,,6.0,07,2021,07-2021,9290957399
551,linha amigurumi- 3583 CEREJA,4.0,,,,,,1.0,13.5,4.5,3.0,07,2021,07-2021,6032191651
552,linha amigurumi- 3611 RUBI,6.0,,,,,,1.0,13.5,4.5,5.0,07,2021,07-2021,3340507662
553,linha amigurumi- 2856 ANIL PROFUNDO,6.0,,,,,,2.0,27.0,10.0,4.0,07,2021,07-2021,5882602304
554,linha amigurumi- 5745 EUCALIPTO,0.0,6.0,,,,,,,,6.0,07,2021,07-2021,7593083280
555,linha amigurumi- 5203 GREENERY,-1.0,1.0,,,,,,,,0.0,07,2021,07-2021,9726925754
556,linha amigurumi- 8013 GLACIAL,0.0,6.0,,,,,,,,6.0,07,2021,07-2021,2084910313
557,Linha Rayza -ROSA FLUO,10.0,,,,,,0.0,0.0,,10.0,07,2021,07-2021,4014313252
558,PONCHO COLORIDO CROCHE,0.0,,,,,,1.0,84.22,4.22,-1.0,07,2021,07-2021,4598341447
559,COSTURA DRIMA - 0045,7.0,,,,,,0.0,0.0,,7.0,07,2021,07-2021,2247400837
560,COSTURA DRIMA - 0263,5.0,,,,,,0.0,0.0,,5.0,07,2021,07-2021,1721539040
561,COSTURA DRIMA - 5905,8.0,,,,,,0.0,0.0,,8.0,07,2021,07-2021,2066267380
562,COSTURA DRIMA - 6022,9.0,,,,,,0.0,0.0,,9.0,07,2021,07-2021,6921323154
563,Alfinete de segurança - 50MM,77.0,,,,,,4.0,3.0,2.0,73.0,07,2021,07-2021,3204123391
564,Alfinete de segurança - 40MM,111.0,,,,,,2.0,1.0,0.5,109.0,07,2021,07-2021,8205106738
565,BARBANTE LIMA 6 BRANCO,4.0,,,,,,2.0,41.77,12.37,2.0,07,2021,07-2021,7948639157
566,PONCHO VERDE GROSSO,1.0,,,,,,1.0,100.0,50.0,0.0,07,2021,07-2021,1952359756
567,TINTA PVA FOSCA 100 ML - PRETO,6.0,,,,,,1.0,7.9,3.1,5.0,07,2021,07-2021,9316861252
568,TINTA ACRILICA P TELA - VERMELHO CADMIO ESCURO,0.0,1.0,,,,,1.0,7.5,4.0,0.0,07,2021,07-2021,2396532461
569,PINCEL CONDOR 284-10 ,6.0,,,,,,2.0,30.0,13.0,4.0,07,2021,07-2021,2503108869
570,"AGULHA TRICÔ PLÁSTICO 5,0 35CM",17.0,,,,,,1.0,6.98,3.48,16.0,07,2021,07-2021,1084395443
571,LÃ SEDA - 8797 AÇO,3.0,,,,,,3.0,53.36,17.36,0.0,07,2021,07-2021,8012417118
572,LÃ SEDA - 3794 BORDÔ,3.0,,,,,,2.0,33.85,9.85,1.0,07,2021,07-2021,9367942080
573,CHAVEIRO CIRCULO ,8.0,,,,,,1.0,2.39,1.09,7.0,07,2021,07-2021,646813612
574,BARBANTE EUROROMA 6 - CAQUI,4.0,,,,,,2.0,39.0,13.2,2.0,07,2021,07-2021,8830614382
575,BARBANTE EUROROMA 8 - CAQUI,1.0,,,,,,1.0,19.5,6.6,0.0,07,2021,07-2021,1423735056
576,PASTA C/ ELÁSTICO,1.0,,,,,,1.0,19.8,9.9,0.0,07,2021,07-2021,7832381852
577,COSTURA DRIMA - 6104,1.0,,,,,,0.0,0.0,,1.0,07,2021,07-2021,4945653412
578,AGUARRÁS - 100ML GP,1.0,5.0,,,,,1.0,7.6,3.07,5.0,07,2021,07-2021,859316267
579,TINTA OLEO GATO PRETO 20ML - AZUL CERULIO,6.0,,,,,,1.0,6.0,2.1,5.0,07,2021,07-2021,2784953407
580,TERMOCOLANTE,5000.0,,,,,,250.0,27.38,12.38,4750.0,07,2021,07-2021,8353536790
581,AGULHA MAQUINA SINGER 14 -90/14,25.0,,,,,,15.0,29.0,14.0,10.0,07,2021,07-2021,3280092942
582,TECIDO 1/4,68.0,,,,,,5.0,29.84,14.84,63.0,07,2021,07-2021,3764249632
583,MASCARAS TRICOLINE,14.0,,,,,,4.0,22.53,6.53,10.0,07,2021,07-2021,6251919690
584,TECIDO TRICOLINE BRANCO,6.9,,,,,,1.0,24.0,13.0,5.9,07,2021,07-2021,7427880775
585,COSTURA DRIMA - 6018,30.0,,,,,,0.0,0.0,,30.0,07,2021,07-2021,6018274762
586,PASSAMANARIA - BEGE,12.0,,,,,,4.0,9.94,4.94,8.0,07,2021,07-2021,6672178487
587,FITA CETIM PROGRESSO 0 -209 VERMELHO,299.0,,,,,,10.0,3.5,2.3,289.0,07,2021,07-2021,4861984098
588,FITA CETIM PROGRESSO 0 - 303 PINK,88.0,,,,,,10.0,3.5,2.0,78.0,07,2021,07-2021,8971681441
589,"AGULHA CROCHE TULIP -0  1,75MM",10.0,,,,,,2.0,11.64,6.64,8.0,07,2021,07-2021,2531463117
590,BOTÃO DE CAMISA COMUM,1672.0,,,,,,5.0,1.5,0.75,1667.0,07,2021,07-2021,2486333046
591,MALETA C/ ALÇA E FECHO 34X25,1.0,,,,,,1.0,35.0,17.5,0.0,07,2021,07-2021,4888921819
592,ELASTICO 20MM BRANCO POR METRO,0.0,2.0,,,,,2.0,3.0,1.6,0.0,07,2021,07-2021,6359639990
593,ELASTICO 06MM BRANCO CHATO ROLO POR METRO,0.0,,,,,,8.0,8.0,4.4,-8.0,07,2021,07-2021,7648550139
594,ELASTICO 06MM PRETO CHATO ROLO VENDA POR METRO,0.0,,,,,,3.0,3.0,1.65,-3.0,07,2021,07-2021,4546004688
595,BOTÃO CAMISETE - N 20,603.0,,,,,,18.0,7.2,3.6,585.0,07,2021,07-2021,4446837969
596,BOTÃO CAMISETE 24,360.0,,,,,,25.0,10.0,2.5,335.0,07,2021,07-2021,3603169086
597,BOTÃO CALÇA 26,494.0,,,,,,4.0,3.0,1.8,490.0,07,2021,07-2021,8949075694
598,BOTAO CALÇA 28,484.0,,,,,,12.0,11.0,5.0,472.0,07,2021,07-2021,1395719736
599,BOTÃO BLUSA 32,936.0,,,,,,16.0,15.96,15.96,920.0,07,2021,07-2021,8477414836
600,BOTÃO PEZINHO P,2906.0,,,,,,6.0,2.4,1.2,2900.0,07,2021,07-2021,8062457390
601,FLORZINHA CETIM P  C/ FOLHA P SORTIDAS,192.0,,,,,,25.0,12.5,6.25,167.0,07,2021,07-2021,2055981779
602,PANO DE PRATO BRANCO EMBAINHADO,57.0,,,,,,2.0,10.0,4.0,55.0,07,2021,07-2021,4438100272
603,PAPEL DECOUPAGE - PD-708 BORBOLETA,7.0,,,,,,1.0,4.0,2.0,6.0,07,2021,07-2021,9836753034
604,"PEROLA ROSA 08 PTE 3,00",15.0,,,,,,3.0,8.9,4.4,12.0,07,2021,07-2021,5137051977
605,LINHA CLÉA 1000 -7684 PORCELANA,0.0,6.0,,,,,0.0,0.0,,6.0,07,2021,07-2021,1150451696
606,PEROLA 4MM - PTE P,6.0,,,,,,4.0,7.96,3.96,2.0,07,2021,07-2021,7981411681
607,CAMILINHA 40M - 1089 - TURQUESA,1.0,,,,,,1.0,3.0,1.25,0.0,07,2021,07-2021,7244175245
608,CAMILINHA 40M - 0142 - AZUL,4.0,,,,,,1.0,3.0,1.3,3.0,07,2021,07-2021,2484854132
609,CAMILINHA 40M - 1366 - LILÁS,5.0,,,,,,1.0,3.0,1.3,4.0,07,2021,07-2021,6083871923
610,CAMILINHA 40M - 0433 - AZUL CELESTE,2.0,,,,,,1.0,3.0,1.3,1.0,07,2021,07-2021,2067514046
611,CAMILINHA 40M - 0130 - AZUL CERULIO,11.0,,,,,,1.0,3.0,1.3,10.0,07,2021,07-2021,5319464900
612,CAMILINHA 40M - 0288 - AMARELO BEBE,2.0,,,,,,1.0,3.0,1.3,1.0,07,2021,07-2021,5522565827
613,CAMILINHA 40M - 1024 - AMARELO MESCLA,11.0,,,,,,2.0,6.0,2.6,9.0,07,2021,07-2021,1183010256
614,LINHA RUBI - 9462 VERDE MESCLA,4.0,,,,,,1.0,3.0,1.5,3.0,07,2021,07-2021,6150462992
615,LINHA RUBI - 1404 MOSTARDA,8.0,,,,,,2.0,6.0,3.0,6.0,07,2021,07-2021,6470531191
616,COSTURA DRIMA - 5918,2.0,,,,,,0.0,0.0,,2.0,07,2021,07-2021,3610726802
617,ZIPER GROSSO P JAQUETA -  75CM PRETO,0.0,11.0,,,,,1.0,6.9,3.4,10.0,07,2021,07-2021,380809632
618,BOTÃO BLUSA - 36,137.0,,,,,,2.0,1.0,0.5,135.0,07,2021,07-2021,2013017897
619,BARBANTE TRENTO - 710 TELHA,6.0,,,,,,1.0,18.0,6.0,5.0,07,2021,07-2021,6208357441
620,BARBANTE MILANO 6 200G 1000 VERMELHO,5.0,,,,,,1.0,15.28,7.28,4.0,07,2021,07-2021,4634575303
621,BARBANTE MILANO 6 200G 0838 FLORESTA,2.0,,,,,,1.0,15.3,7.3,1.0,07,2021,07-2021,7817907201
622,VERNIZ VITRAL 40ML - TRANPARENTE GP,5.0,,,,,,1.0,4.5,2.0,4.0,07,2021,07-2021,5996611892
623,COSTURA DRIMA - 0152 ,0.0,10.0,,,,,0.0,0.0,,10.0,07,2021,07-2021,368854523
624,COSTURA DRIMA - 0180,4.0,,,,,,0.0,0.0,,4.0,07,2021,07-2021,6446001169
625,COSTURA DRIMA - 0886,0.0,10.0,,,,,0.0,0.0,,10.0,07,2021,07-2021,9657449383
626,COSTURA DRIMA - 4740,5.0,,,,,,0.0,0.0,,5.0,07,2021,07-2021,5369204991
627,COSTURA DRIMA - 4944,3.0,,,,,,0.0,0.0,,3.0,07,2021,07-2021,9862807781
628,COSTURA DRIMA - 4939,0.0,10.0,,,,,1.0,2.5,1.3,9.0,07,2021,07-2021,7585538869
629,COSTURA DRIMA - 5927,0.0,10.0,,,,,0.0,0.0,,10.0,07,2021,07-2021,3665363146
630,COSTURA DRIMA - 5935,0.0,10.0,,,,,0.0,0.0,,10.0,07,2021,07-2021,9914138192
631,COSTURA DRIMA - 6001,5.0,,,,,,1.0,2.5,1.3,4.0,07,2021,07-2021,2931333348
632,COSTURA DRIMA - 6002,0.0,10.0,,,,,0.0,0.0,,10.0,07,2021,07-2021,3005023912
633,COSTURA DRIMA - 5841,10.0,,,,,,0.0,0.0,,10.0,07,2021,07-2021,5248787390
634,COSTURA DRIMA - 0101,2.0,,,,,,1.0,2.5,1.3,1.0,07,2021,07-2021,2289117577
635,COSTURA DRIMA - 0044,2.0,10.0,,,2.0,,0.0,0.0,,10.0,07,2021,07-2021,4012367571
636,COSTURA DRIMA - 6006,7.0,,,,,,0.0,0.0,,7.0,07,2021,07-2021,9299714062
637,COSTURA DRIMA - 6081,3.0,,,,,,0.0,0.0,,3.0,07,2021,07-2021,5472302749
638,COSTURA DRIMA - 5884,7.0,,,,,,0.0,0.0,,7.0,07,2021,07-2021,2453776993
639,COSTURA DRIMA - 0875,7.0,,,,,,0.0,0.0,,7.0,07,2021,07-2021,7787712827
640,COSTURA DRIMA - 4791,4.0,,,,,,0.0,0.0,,4.0,07,2021,07-2021,2811737403
641,COSTURA DRIMA - 4964,5.0,,,,,,0.0,0.0,,5.0,07,2021,07-2021,4333684482
642,COSTURA DRIMA - 6083,8.0,,,,,,0.0,0.0,,8.0,07,2021,07-2021,8345760456
643,COSTURA DRIMA - 6082,5.0,,,,,,0.0,0.0,,5.0,07,2021,07-2021,7562326244
644,COSTURA DRIMA - 6084,2.0,,,,,,0.0,0.0,,2.0,07,2021,07-2021,940389628
645,COSTURA DRIMA - 6085,6.0,,,,,,0.0,0.0,,6.0,07,2021,07-2021,5759861147
646,COSTURA DRIMA - 4963,2.0,,,,,,0.0,0.0,,2.0,07,2021,07-2021,5247027810
647,COSTURA DRIMA - 5829,9.0,,,,,,0.0,0.0,,9.0,07,2021,07-2021,5689545595
648,COSTURA DRIMA - 6017,0.0,10.0,,,,,0.0,0.0,,10.0,07,2021,07-2021,7217681345
649,COSTURA DRIMA - 6019,6.0,,,,,,0.0,0.0,,6.0,07,2021,07-2021,9991169854
650,COSTURA DRIMA - 4942,10.0,,,,,,0.0,0.0,,10.0,07,2021,07-2021,6329487976
651,COSTURA DRIMA - 4972,0.0,10.0,,,,,0.0,0.0,,10.0,07,2021,07-2021,6349057566
652,COSTURA DRIMA - 5462,5.0,,,,,,0.0,0.0,,5.0,07,2021,07-2021,3193268639
653,COSTURA DRIMA - 0108,3.0,,,,,,0.0,0.0,,3.0,07,2021,07-2021,6365164400
654,COSTURA DRIMA - 5925,9.0,,,,,,0.0,0.0,,9.0,07,2021,07-2021,5470359569
655,COSTURA DRIMA - 0939,5.0,,,,,,1.0,2.5,1.3,4.0,07,2021,07-2021,9228034415
656,COSTURA DRIMA - 6087,9.0,,,,,,0.0,0.0,,9.0,07,2021,07-2021,9679477025
657,COSTURA DRIMA - 5876,0.0,10.0,,,,,0.0,0.0,,10.0,07,2021,07-2021,3417956754
658,COSTURA DRIMA - 0100,0.0,10.0,,,,,0.0,0.0,,10.0,07,2021,07-2021,6619354073
659,COSTURA DRIMA - 0600,6.0,,,,,,0.0,0.0,,6.0,07,2021,07-2021,5209844726
660,COSTURA DRIMA - 6102,9.0,,,,,,0.0,0.0,,9.0,07,2021,07-2021,6039856951
661,COSTURA DRIMA - 6103,1.0,,,,,,0.0,0.0,,1.0,07,2021,07-2021,2678815840
662,COSTURA DRIMA - 0466,5.0,,,,,,0.0,0.0,,5.0,07,2021,07-2021,8966159632
663,COSTURA DRIMA - 0284,8.0,,,,,,0.0,0.0,,8.0,07,2021,07-2021,7182195098
664,BOTÃO MADEIRA P,107.0,,,,,,3.0,1.8,0.9,104.0,07,2021,07-2021,6395812368
665,LÁPIS HB  - N2,53.0,,,,,,1.0,1.0,0.7,52.0,07,2021,07-2021,5114335796
666,COMPASSO METÁLICO,6.0,,,,,,1.0,6.0,3.0,5.0,07,2021,07-2021,9001034156
667,Ziper sintetico fino fixo - 50CM CINZA 1494,0.0,,,,,,1.0,3.5,1.2,-1.0,07,2021,07-2021,514238285
668,Ziper sintetico fino fixo - 45CM CENOURA 903,6.0,,,,,,1.0,4.0,2.0,5.0,07,2021,07-2021,3704376192
669,COLA BRANCA CASCOREZ - 500G,6.0,,,,,,1.0,16.5,6.0,5.0,07,2021,07-2021,6908036978
670,AQUA BETUME 100ML - ACRILEX,1.0,,,,,,1.0,9.5,4.0,0.0,07,2021,07-2021,7207597601
671,SACO P PRESENTE METÁLICO OURO 60X90,22.0,,,,,,2.0,8.0,4.0,20.0,07,2021,07-2021,8732818524
672,BARBANTE KOREA 4/8 184MT,3.0,,,,,,2.0,15.6,8.6,1.0,07,2021,07-2021,8080652704
673,ABRIDOR DE CASA P,22.0,,,,,,1.0,2.5,2.0,21.0,07,2021,07-2021,9925457556
674,PAPEL DECOUPAGE - PD-434 COZINHA,1.0,,,,,,1.0,3.91,1.91,0.0,07,2021,07-2021,3031086010
675,CAMILINHA 125M - 0110 VIOLETA,10.0,10.0,,,,,1.0,5.5,2.5,19.0,07,2021,07-2021,3867270869
676,CAMILINHA 125M - 5017 VIOLETA,17.0,,,,,,1.0,5.5,2.4,16.0,07,2021,07-2021,3172315057
677,AMIGURUMI PELUCIA -8990,4.0,,,,,,1.0,13.5,4.5,3.0,07,2021,07-2021,4771696763
678,BARBANTE LIMA 6 AZUL MARINHO,1.0,,,,,,1.0,21.0,6.3,0.0,07,2021,07-2021,7682427337
679,LINHA CLÉA 500 - 7625 ,1.0,,,,,,2.0,21.0,7.4,-1.0,07,2021,07-2021,5620982964
680,APLIQUE - APM8-004 VAQUINHA,8.0,,,,,,3.0,6.97,3.37,5.0,07,2021,07-2021,4485183060
681,APLIQUE - APM8-005 GALINHA,7.0,,,,,,2.0,4.65,2.25,5.0,07,2021,07-2021,1674060899
682,APLIQUE - APM8-022 GALINHA,2.0,,,,,,2.0,4.65,2.25,0.0,07,2021,07-2021,398223370
683,APLIQUE - APM8-756 COZINHAR,5.0,,,,1.0,,,,,4.0,07,2021,07-2021,7373907727
684,APLIQUE - APM8-020 GATO,6.0,,,,,,1.0,2.3,1.1,5.0,07,2021,07-2021,9614351399
685,PANO DE COPA COFFEE ,5.0,,,,,,1.0,7.5,3.8,4.0,07,2021,07-2021,4395359661
686,PANO DE COPA MORANGOS,10.0,,,,,,1.0,7.5,3.8,9.0,07,2021,07-2021,5273154173
687,PANO DE COPA ABELHA,8.0,,,,,,1.0,7.5,3.8,7.0,07,2021,07-2021,4626647558
688,TOALHA LAVABO CAPRI - BRANCA,11.0,,,,,,2.0,6.0,2.4,9.0,07,2021,07-2021,2281824070
689,TOALHA LAVABO TORINO - BRANCO,8.0,,,,,,1.0,4.0,1.3,7.0,07,2021,07-2021,1104044513
690,TOALHA LAVABO MULTI ARTE - BRANCA,4.0,,,,,,1.0,7.5,4.3,3.0,07,2021,07-2021,6830891717
691,URSO AMIGURUMI VELUDO,-1.0,2.0,,,,,0.0,0.0,,1.0,07,2021,07-2021,1508748741
692,MANTA  R1 ,25.0,,,,,,1.0,30.0,14.0,24.0,07,2021,07-2021,8307811948
693,ENCHIMENTO ,12000.0,,,,,,1571.0,54.98,23.56,10429.0,07,2021,07-2021,1850964240
694,ARGOLA 50,80.0,,,,,,2.0,1.5,0.9,78.0,07,2021,07-2021,7764329643
695,ELÁSTICO 14MM  ROLO BRANCO,14.0,,,,,,10.0,14.86,8.86,4.0,07,2021,07-2021,2733683153
696,FITA CETIM PROGRESSO 1 - 310 ROSA BEBE,105.0,,,,,,2.0,0.7,0.4,103.0,07,2021,07-2021,8498716643
697,FITA CETIM PROGRESSO 1 - 201 BRANCO,258.0,,,,,,12.0,3.57,1.77,246.0,07,2021,07-2021,3259335111
698,TOALHA PLÁSTICO MESA - SISAL,30.0,,,,,,1.0,15.0,5.0,29.0,07,2021,07-2021,936615731
699,VIÉS 35MM - VERMELHO,20.0,,,,,,20.0,15.62,7.62,0.0,07,2021,07-2021,1897796757
700,AGULHA MÁQUINA SINGER 80/12,178.0,,,,,,4.0,8.0,4.0,174.0,07,2021,07-2021,5531982432
701,VIÉS 24MM - AMARELO OURO,99.0,,,,,,2.0,1.0,0.5,97.0,07,2021,07-2021,7332566871
702,PINCEL CONDOR 284-14,5.0,,,,,,1.0,19.8,7.8,4.0,07,2021,07-2021,9401793701
703,"BORDADO INGLÊS 2,5CM - BRANCO",39.0,13.0,,,12.0,,,,,40.0,07,2021,07-2021,4233280027
704,BORDADO C/ PASSA FITA 5CM - BRANCO,5.0,22.0,,,,,13.0,40.63,14.63,14.0,07,2021,07-2021,1711422464
705,"AGULHA DE GANCHO 2,5 MM ",5.0,,,,,,1.0,6.42,2.92,4.0,07,2021,07-2021,4614745423
706,LINHA ANNE 500 3402 VERMELHO CIRCULO,20.0,,,,,,2.0,35.0,13.0,18.0,07,2021,07-2021,3105635157
707,LINHA ANNE 500 2829 AZUL BIC,1.0,,,,,,1.0,17.5,6.5,0.0,07,2021,07-2021,5210420182
708,LINHA CLÉA 1000 -4004 CORAL VIVO,1.0,6.0,,,,,,,,7.0,07,2021,07-2021,8760970228
709,CAMILINHA 40M - 0304 laranja,0.0,10.0,,,,,0.0,0.0,,10.0,07,2021,07-2021,4405739987
710,OLHO P AMIGURUMI -08MM PRETO,11.0,,,,,,10.0,10.0,5.0,1.0,07,2021,07-2021,3484727150
711,CORDÃO POLIÉSTER - PRETO,38.0,,,,,,4.0,4.0,2.4,34.0,07,2021,07-2021,6801685026
712,CORDÃO POLIÉSTER -CASTOR,48.0,,,,,,5.0,5.0,3.0,43.0,07,2021,07-2021,5732805579
713,ELÁSTICO AMARELO ,20.0,,,,,,1.0,1.5,1.0,19.0,07,2021,07-2021,5321324146
714,ELASTICO CHATO BRANCO 8,117.0,,,,,,1.0,1.0,0.6,116.0,07,2021,07-2021,2995716133
715,ELÁSTICO 49MM BRANCO,25.0,,,,,,1.0,4.0,2.0,24.0,07,2021,07-2021,1393851011
716,FECHO DE CONTATO 16 MM - BRANCO,25.0,,,,,,1.0,2.0,1.0,24.0,07,2021,07-2021,1996064182
717,FECHO DE CONTATO 16MM - PRETO,22.0,,,,,,1.0,2.0,1.0,21.0,07,2021,07-2021,5805287061
718,APLIQUE TECIDO - N 14,17.0,,,,,,2.0,10.0,5.0,15.0,07,2021,07-2021,9857488056
719,BOTÃO MADEIRA  CASTOR ,72.0,,,,,,4.0,4.8,2.4,68.0,07,2021,07-2021,5863211476
720,BOTÃO PRATA QUADRICULADO,72.0,,,,,,4.0,3.2,2.0,68.0,07,2021,07-2021,1207809063
721,BOTÃO MADEIRA PP,208.0,,,,,,4.0,1.6,0.8,204.0,07,2021,07-2021,6814336901
722,BOTÃO TRANSPARENTE P ,177.0,,,,,,3.0,1.05,0.6,174.0,07,2021,07-2021,3312599705
723,BOTÃO TRANSPARENTE G,63.0,,,,,,4.0,3.18,1.98,59.0,07,2021,07-2021,9984962512
724,BOTÃO INFANTIL FRUTINHAS/BICHINHO,382.0,,,,,,2.0,1.18,0.58,380.0,07,2021,07-2021,127961356
725,LINHA LIZA GROSSA - 7393 ,5.0,,,,,,2.0,20.0,8.0,3.0,07,2021,07-2021,8497545606
726,FITA MÉTRICA - CÍRCULO,3.0,,,,,,2.0,8.0,3.8,1.0,07,2021,07-2021,1652990226
727,BASTIDOR DE BAMBU - N 9 24CM CIRCULO,2.0,,,,,,2.0,60.0,27.0,0.0,07,2021,07-2021,960501957
728,"AGULHA CROCHÊ  MILWARD 3,5mm",10.0,,,,,,2.0,11.82,2.62,8.0,07,2021,07-2021,300953617
729,"AGULHA CROCHÊ  MILWARD 4,5mm",23.0,,,,,,4.0,27.38,8.98,19.0,07,2021,07-2021,642147588
730,TINTA FOSCA P/ARTESANATO - 814 CHOCOLATE,5.0,,,,,,2.0,19.0,6.0,3.0,07,2021,07-2021,4593863132
731,TINTA ÓLEO GATO PRETO 20 ML - BRANCO ,26.0,,,,,,2.0,12.0,4.4,24.0,07,2021,07-2021,4359002709
732,TINTA ÓLEO GATO PRETO 20ML -AMARELO ESCURO,4.0,,,,,,3.0,18.0,6.6,1.0,07,2021,07-2021,5888020504
733,TINTA ÓLEO GATO PRETO 20ML -AZUL COBALTO ESCURO,6.0,,,,,,2.0,12.0,4.4,4.0,07,2021,07-2021,7239755959
734,ROUPINHA BONECA BEBE REBORN,4.0,,,,,,1.0,25.0,15.0,3.0,07,2021,07-2021,8574951470
735,ROUPINHA BONECA BARBY,1.0,,,,,,1.0,10.0,5.0,0.0,07,2021,07-2021,7986054517
736,BARBANTE LIMA 6 roxo,4.0,,,,,,2.0,42.0,12.6,2.0,07,2021,07-2021,7216839986
737,JOGO AMERICANO CHITA  4 PCS,1.0,,,,,,1.0,35.0,16.0,0.0,07,2021,07-2021,2118190576
738,BONECA BRUNA G,1.0,,,,,,1.0,55.0,27.0,0.0,07,2021,07-2021,2345929999
739,"TAPETE LINHA 1,50 X 2,00",3.0,,,,,,1.0,225.0,100.0,2.0,07,2021,07-2021,3258422315
740,AMIGURUMI PELUCIA -1112 ,6.0,,,,,,5.0,72.14,24.64,1.0,07,2021,07-2021,5483594957
741,AMIGURUMI PELUCIA -3583,6.0,,,,,,1.0,14.97,5.47,5.0,07,2021,07-2021,6388361749
742,LÃ ELEGANCE - 1879 ,10.0,,,,,,1.0,16.8,6.41,9.0,07,2021,07-2021,3244058321
743,LÃ ELEGANCE - 4394,10.0,,,,,,4.0,64.97,22.97,6.0,07,2021,07-2021,2441158077
744,LÃ TODO DIA COLORS -72260,10.0,,,,,,1.0,22.0,6.5,9.0,07,2021,07-2021,6420296495
745,LÃ TODO DIA COLORS -72401,10.0,,,,,,6.0,132.0,39.0,4.0,07,2021,07-2021,5815607975
746,PLÁSTICO ADESIVO - AZULEJO MARROM,650.0,,,,,,100.0,12.0,4.0,550.0,07,2021,07-2021,2490404540
747,LÂ ATENA - BORDO,2.0,,,,,,2.0,27.19,3.19,0.0,07,2021,07-2021,9937374229
748,BARBANTE EUROROMA 8 - lilás claro,10.0,,,,,,1.0,19.5,6.6,9.0,07,2021,07-2021,5435511005
749,CAMILA FASHION 500  0433,6.0,,,,,,1.0,20.0,6.5,5.0,07,2021,07-2021,7391686550
750,LÃ PREMIUM - 14041 rose,10.0,,,,,,2.0,31.6,11.6,8.0,07,2021,07-2021,4338095096
751,COLA SILICONE 60 ML - TEK BOND,1.0,,,,,,3.0,19.5,9.0,-2.0,07,2021,07-2021,7188199342
752,BOLA ISOPOR 60MM ,18.0,,,,,,3.0,3.0,1.5,15.0,07,2021,07-2021,8842836023
753,AGULHA MÁQUINA SINGER 70/10,187.0,,,,,,5.0,10.0,5.0,182.0,07,2021,07-2021,798377855
754,CAMILA FASHION 500  0150 AZUL MARINHO,5.0,,,,,,1.0,20.0,8.0,4.0,07,2021,07-2021,3569832760
755,AGULHA MAQUINA INDUSTRIAL,38.0,,,,,,1.0,2.0,1.0,37.0,07,2021,07-2021,6985147746
756,BIG CONE CIRCULO 8 -7311 MARROM CAFÉ,3.0,,,,,,3.0,160.0,40.75,0.0,07,2021,07-2021,5012400141
757,AMIGURUMI PELUCIA -3046,6.0,,,,,,2.0,30.0,11.0,4.0,07,2021,07-2021,8827757713
758,BIG CONE CIRCULO 6 -2775 ROYAL,3.0,,,,,,1.0,55.0,15.25,2.0,07,2021,07-2021,6888785917
759,BIG CONE CIRCULO 6 -7496 TELHA,3.0,,,,,,1.0,55.0,15.25,2.0,07,2021,07-2021,3749520097
760,BIG CONE CIRCULO 8 -0020 CRU,7.0,,,,,,2.0,108.0,28.5,5.0,07,2021,07-2021,806217210
761,TOUCA INFANTIL LA PELUCIA,1.0,2.0,,,,,1.0,35.0,10.0,2.0,07,2021,07-2021,2117219171
762,miçanga,196.0,,,,,,5.0,12.0,7.0,191.0,07,2021,07-2021,250990491
763,LÃ SUPER BEBÊ 40G - BRANCA,25.0,,,,,,1.0,7.8,3.3,24.0,07,2021,07-2021,4018922625
764,LÃ MOLLET 40G -0781 VERDE NEON,8.0,,,,,,3.0,14.4,4.83,5.0,07,2021,07-2021,4107240121
765,LÃ MOLLET 100G -0794,8.0,,,,,,7.0,80.59,30.05,1.0,07,2021,07-2021,9681445923
766,LÃ MOLLET 100G -0019 BRANCO,10.0,,,,,,5.0,55.93,19.83,5.0,07,2021,07-2021,7712671949
767,LÃ MOLLET 100G -0142 VERMELHO,8.0,,,,,,2.0,21.37,6.93,6.0,07,2021,07-2021,9612505953
768,LÃ MOLLET 40G -0782 LARANJA NEON,8.0,,,,,,1.0,4.8,1.61,7.0,07,2021,07-2021,961515788
769,LÃ MOLLET 40G -0786 AZUL,19.0,,,,,,1.0,4.8,1.61,18.0,07,2021,07-2021,7697668337
770,LÃ MOLLET 40G -0784 ,9.0,,,,,,2.0,9.6,3.22,7.0,07,2021,07-2021,6056181688
771,LÃ MOLLET 40G -0850 ,10.0,,,,,,4.0,18.75,5.99,6.0,07,2021,07-2021,6376282241
772,LÃ MOLLET 40G -0608 CHOCOLATE,8.0,,,,,,1.0,4.8,1.61,7.0,07,2021,07-2021,6353040101
773,LÃ MOLLET 40G -0390 PINK,10.0,,,,,,3.0,14.4,4.83,7.0,07,2021,07-2021,8858719040
774,LINHA CLÉA 1000 -6133,6.0,,,,,,1.0,17.5,6.5,5.0,07,2021,07-2021,5416612542
775,LINHA CHARME - 1289 AMARELO OURO,6.0,,,,,,1.0,17.5,6.5,5.0,07,2021,07-2021,8966112512
776,AGULHA COSTURA CIRCULO - 8,100.0,,,,,,5.0,2.5,1.25,95.0,07,2021,07-2021,2312347899
777,AGULHA COSTURA CIRCULO - 6,86.0,,,,,,17.0,8.44,4.19,69.0,07,2021,07-2021,499565279
778,LÃ BATIK - 9797,20.0,,,,,,8.0,200.0,90.0,12.0,07,2021,07-2021,1591164889
779,LÃ BATIK - 9511,20.0,,,,5.0,,2.0,50.0,22.5,13.0,07,2021,07-2021,5051647970
780,LÃ URBANO -0608 ,7.0,,,,,,6.0,113.4,38.46,1.0,07,2021,07-2021,1377367126
781,LÃ URBANO -8473 PRATA,10.0,,,,,,4.0,75.6,25.64,6.0,07,2021,07-2021,9058623666
782,LÃ URBANO -3227,10.0,,,,,,5.0,94.5,32.05,5.0,07,2021,07-2021,6665346961
783,LÃ URBANO -7370,10.0,,,,,,9.0,169.86,57.45,1.0,07,2021,07-2021,3748334267
784,LÃ MAGICPULL -8689,6.0,,,,,,6.0,228.0,78.0,0.0,07,2021,07-2021,6273473865
785,LÃ MAGICPULL -8643,8.0,,,,,,4.0,152.0,52.0,4.0,07,2021,07-2021,5729708524
786,LÃ JAVA -8897,15.0,,,,,,1.0,22.0,8.81,14.0,07,2021,07-2021,7081163536
787,LÃ JAVA -8925,14.0,,,,,,7.0,152.0,59.67,7.0,07,2021,07-2021,2876515258
788,LÃ JAVA -8924,15.0,,,,,,8.0,176.0,70.48,7.0,07,2021,07-2021,8861849235
789,LÃ BOREAL -9374,10.0,,,,,,2.0,44.0,17.76,8.0,07,2021,07-2021,4255802285
790,LÃ BOREAL -9548,7.0,,,,,,2.0,44.0,17.76,5.0,07,2021,07-2021,6753484267
791,LÃ BOREAL -9568,10.0,,,,,,1.0,22.0,8.88,9.0,07,2021,07-2021,7879049131
792,LÃ HOBBY - 4817 FERRUGEM,10.0,,,,,,3.0,66.0,30.0,7.0,07,2021,07-2021,9553787528
793,LÃ HOBBY - 2859 AZUL MARINHO,10.0,,,,,,2.0,44.0,20.0,8.0,07,2021,07-2021,2644089156
794,LÃ HOBBY -8473 PRATA,10.0,,,,,,1.0,22.0,10.11,9.0,07,2021,07-2021,2654304647
795,LÃ MOLLET 100G -7417 chumbo,10.0,,,,,,1.0,11.8,4.58,9.0,07,2021,07-2021,4222375663
796,LÃ MOLLET 40G -7447 ,9.0,,,,,,3.0,14.4,4.83,6.0,07,2021,07-2021,7222496608
797,TECIDO ETAMINE,1000.0,,,,,,100.0,25.0,10.0,900.0,07,2021,07-2021,8315325499
798,ENTRETELA COLANTE,5000.0,,,,,,100.0,6.0,3.0,4900.0,07,2021,07-2021,1169214529
799,POM POM - 13MM BEGE,20.0,,,,,,2.0,4.0,2.0,18.0,07,2021,07-2021,2521889103
800,CORDÃO ALGODÃO 6MM - CRU,20.0,,,,,,17.0,34.0,17.0,3.0,07,2021,07-2021,3299782940
801,CORDÃO ALGODÃO 4MM - PRETO,50.0,,,,,,13.0,13.0,7.8,37.0,07,2021,07-2021,5572048099
802,VIÉS 35MM - ESTAMPADO,170.0,,,,,,1.0,1.5,1.05,169.0,07,2021,07-2021,1959050238
803,LÃ MOLLET 100G -3635 VERMELHO CIRCULO,35.0,,,,,,5.0,58.0,21.9,30.0,07,2021,07-2021,7807204992
804,LÃ MOLLET 100G -9375 ,10.0,,,,,,6.0,70.8,27.48,4.0,07,2021,07-2021,9889662507
805,LÃ MOLLET 40G -9601,10.0,,,,,,2.0,9.6,3.22,8.0,07,2021,07-2021,2451864271
806,TINTA TECIDO ACRILEX 540 VIOLETA COBALTO,0.0,12.0,,,,,1.0,3.8,1.16,11.0,07,2021,07-2021,9333885057
807,TINTA PVA FOSCA 100 ML - 507 VERMELHO FOGO,0.0,6.0,,,,,0.0,0.0,,6.0,07,2021,07-2021,547143343
808,NANKIN PRETO,0.0,5.0,,,,,0.0,0.0,,5.0,07,2021,07-2021,667417074
809,TINTA FOSCA P/ARTESANATO - 507 VERMELHO FOGO,0.0,6.0,,,,,1.0,9.5,3.0,5.0,07,2021,07-2021,4622224565
810,KIT P/ COSTURA - 13 PÇS COM ESTOJO,0.0,3.0,,,,,0.0,0.0,,3.0,07,2021,07-2021,9916630937
811,TESOURA ARREMATE MUNDIAL,0.0,3.0,,,,,2.0,24.0,10.84,1.0,07,2021,07-2021,8370488585
812,ROLO DE ESPUMA - TIGRE ,0.0,3.0,,,,,1.0,4.97,2.86,2.0,07,2021,07-2021,7452090712
813,PLASTICO ADESIVO - FLOR DE LIZ ,0.0,1500.0,,,,,0.0,0.0,,1500.0,07,2021,07-2021,9302831186
814,BLUSA COLORIDA LÃ JAVA,0.0,1.0,,,1.0,,0.0,0.0,,0.0,07,2021,07-2021,8931500708
815,LÃ TUBO,0.0,3.0,,,,,3.0,45.0,15.0,0.0,07,2021,07-2021,3003778830
816,LÃ CONEXION - 701,0.0,6.0,,,,,0.0,0.0,,6.0,07,2021,07-2021,9215075086
817,LÃ HANNOVER - 602,0.0,10.0,,,,,0.0,0.0,,10.0,07,2021,07-2021,6519518409
818,LÃ HANNOVER - 180,0.0,10.0,,,,,0.0,0.0,,10.0,07,2021,07-2021,277917869
819,LÃ ACALANTO - BRANCA,0.0,10.0,,,,,0.0,0.0,,10.0,07,2021,07-2021,306677680
820,LÃ ACALANTO - 5434 MARROM,0.0,10.0,,,,,0.0,0.0,,10.0,07,2021,07-2021,2874263367
821,LÃ ACALANTO - 215 VERDE,0.0,10.0,,,,,0.0,0.0,,10.0,07,2021,07-2021,2266518292
822,LÃ BALANCE - 930 ,0.0,10.0,,,,,1.0,25.0,10.08,9.0,07,2021,07-2021,4365385519
823,LÃ AME - 72400 ROSA,0.0,10.0,,,,,0.0,0.0,,10.0,07,2021,07-2021,651640932
824,LÃ AME - 72404 VERDE,0.0,10.0,,,,,0.0,0.0,,10.0,07,2021,07-2021,5716414672
825,LÃ AME - 72403 ,0.0,10.0,,,,,0.0,0.0,,10.0,07,2021,07-2021,7966932483
826,LÃ FANATIC - 70310 CINZA,0.0,10.0,,,,,0.0,0.0,,10.0,07,2021,07-2021,58271567
827,LÃ FANATIC - 72409,0.0,10.0,,,,,0.0,0.0,,10.0,07,2021,07-2021,6191559568
828,LÃ EMOCION - 1237,0.0,10.0,,,,,2.0,46.92,17.24,8.0,07,2021,07-2021,4823137461
829,LÃ EMOCION - 701,0.0,10.0,,,,,0.0,0.0,,10.0,07,2021,07-2021,6982462139
830,LÃ EMOCION - 145,0.0,10.0,,,,,5.0,125.0,50.75,5.0,07,2021,07-2021,8117867476
831,LÃ EMOCION - 117,0.0,10.0,,,,,0.0,0.0,,10.0,07,2021,07-2021,2302826253
832,LINHA CLÉA 125 -3794 VINHO,,9.0,,,9.0,,0.0,0.0,,,07,2021,07-2021,2666003897
833,LÃ MOLLET 40G -3585 VERMELHO,0.0,10.0,,,,,0.0,0.0,,10.0,07,2021,07-2021,9143603833
834,LÃ MOLLET 100G -0453 VERDE,0.0,10.0,,,,,0.0,0.0,,10.0,07,2021,07-2021,2717211315
835,LÃ MOLLET 100G -7034 BEGE,0.0,10.0,,,,,0.0,0.0,,10.0,07,2021,07-2021,7753978289
836,LÃ PREMIUM - 7046 VERDE BANDEIRA,0.0,10.0,,,,,0.0,0.0,,10.0,07,2021,07-2021,2622529120
837,LÃ PREMIUM - 2530 TELHA,0.0,10.0,,,,,0.0,0.0,,10.0,07,2021,07-2021,1132377151
838,LINHA CAMILA 1000 - 1092,0.0,6.0,,,,,0.0,0.0,,6.0,07,2021,07-2021,5674958395
839,FIO POLIESTER SOLTEX - CINZA,0.0,12.0,,,,,0.0,0.0,,12.0,07,2021,07-2021,5539053494
840,FIO POLIESTER SOLTEX  - NAT,0.0,12.0,,,,,0.0,0.0,,12.0,07,2021,07-2021,5077069894
841,## PRODUTO FOI EXCLUÍDO,,52.0,,,,,0.0,0.0,,,07,2021,07-2021,4929024270
842,DUREX - 12MMX30M,0.0,10.0,,,,,1.0,1.0,,9.0,07,2021,07-2021,2049451010
843,LINHA ANNE 500 1236 AM LIMÃO,0.0,6.0,,,,,0.0,0.0,,6.0,07,2021,07-2021,2510551459
844,RECORTE LETRA 12CM- A,0.0,,,,,,0.0,0.0,,0.0,07,2021,07-2021,3657568188
845,RECORTE LETRA 8CM A,0.0,,,,,,0.0,0.0,,0.0,07,2021,07-2021,7412415065
846,BASTIDOR MDF - 12CM,0.0,10.0,,,,,0.0,0.0,,10.0,07,2021,07-2021,6105408542
847,BASTIDOR MDF - 16CM,0.0,10.0,,,,,0.0,0.0,,10.0,07,2021,07-2021,2029628162
848,BASTIDOR MDF - 18CM,0.0,10.0,,,,,0.0,0.0,,10.0,07,2021,07-2021,8859614406
849,LÃ MOLLET 40G -7030 MOSTARDA,0.0,10.0,,,,,0.0,0.0,,10.0,07,2021,07-2021,4978936395
850,BORDADO INGLÊS 8cm - branco,0.0,13.0,,,,,0.0,0.0,,13.0,07,2021,07-2021,9092607245
851,ZIPER JACARÉ - 65CM PRETO,0.0,10.0,,,,,0.0,0.0,,10.0,07,2021,07-2021,8160149325
852,ZIPER JACARÉ - 70CM PRETO,0.0,10.0,,,,,0.0,0.0,,10.0,07,2021,07-2021,6082774826
853,ZIPER GROSSO P JAQUETA -  70CM AZUL MARINHO,0.0,10.0,,,,,0.0,0.0,,10.0,07,2021,07-2021,4996855654
854,ZIPER GROSSO P JAQUETA -  50CM AZUL MARINHO,0.0,10.0,,,,,0.0,0.0,,10.0,07,2021,07-2021,2354326105
855,ZIPER GROSSO P JAQUETA -  50CM PRETO,0.0,10.0,,,,,0.0,0.0,,10.0,07,2021,07-2021,476574823
856,ZIPER GROSSO P JAQUETA -  50CM BRANCO,0.0,10.0,,,,,0.0,0.0,,10.0,07,2021,07-2021,1879903467
857,LINHA CLÉA 1000 -3583 CEREJA,0.0,12.0,,,,,0.0,0.0,,12.0,07,2021,07-2021,8897737895
858,BARROCO MULT 200G -9433 ,0.0,6.0,,,,,0.0,0.0,,6.0,07,2021,07-2021,6355141929
859,BARROCO MULT 200G -9435,0.0,6.0,,,,,0.0,0.0,,6.0,07,2021,07-2021,4740869006
860,BARROCO MULT 200G -9397,0.0,6.0,,,,,0.0,0.0,,6.0,07,2021,07-2021,5326818721
861,LÃ MOLLET 40G -9113 CASCATA,0.0,10.0,,,,,0.0,0.0,,10.0,07,2021,07-2021,3071369884
862,LINHA CLÉA 125 -4456 LARANJA,0.0,10.0,,,,,0.0,0.0,,10.0,07,2021,07-2021,3171580658
863,LINHA CLÉA 125 -8176 OFWHITE,0.0,10.0,,,,,0.0,0.0,,10.0,07,2021,07-2021,5585780757
864,LÃ BATIK - 9458 ,0.0,20.0,,,,,0.0,0.0,,20.0,07,2021,07-2021,8463898853
865,,,,,,,,,12000.12,4475.840000000002,,07,2021,07-2021,5251924672
